Date,Index,Open,High,Low,Close,Volume
2019-02-01,1,132.75,142.56,122.94,138.95,8638
2019-02-02,2,62.45,68.15,56.75,61.58,9115
2019-02-03,3,129.24,130.45,128.03,128.91,1739
2019-02-04,4,144.36,148.59,140.13,142.19,2691
2019-02-05,5,80.8,81.04,80.56,80.85,2610
2019-02-06,6,113.97,118.92,109.02,117.92,8647
2019-02-07,7,128.38,135.61,121.15,132.61,1305
2019-02-08,8,90.69,94.23,87.15,88.25,5045
2019-02-09,9,100.27,100.62,99.92,100.06,814
2019-02-10,10,146.73,153.66,139.8,139.85,7845
2019-02-11,11,137.28,139.15,135.41,138.26,6331
2019-02-12,12,147.35,154.67,140.03,147.69,1299
2019-02-13,13,68.02,74.91,61.13,61.52,8737
2019-02-14,14,97.27,106.92,87.62,95.1,2213
2019-02-15,15,104.16,105.57,102.75,104.93,2770
2019-02-16,16,110.27,111.27,109.27,110.56,4729
2019-02-17,17,82.03,88.34,75.72,87.55,8244
2019-02-18,18,76.72,78.17,75.27,76.16,6473
2019-02-19,19,122.62,131.46,113.78,115.87,4962
2019-02-20,20,97.04,101.72,92.36,100.08,1409
2019-02-21,21,149.04,158.57,139.51,140.31,6968
2019-02-22,22,148.31,156.41,140.21,142.76,2164
2019-02-23,23,144.48,144.73,144.23,144.4,3926
2019-02-24,24,54.26,58.37,50.15,57.47,6522
2019-02-25,25,119.68,124.06,115.3,118.41,5897
2019-02-26,26,95.15,102.85,87.45,88.34,9710
2019-02-27,27,54.14,63.43,44.85,61.2,4262
2019-02-28,28,132.03,136.22,127.84,134.53,8170
2019-03-01,29,135.39,143.99,126.79,129.89,6884
2019-03-02,30,133.07,137.18,128.96,133.16,6951
2019-03-03,31,139.87,149.37,130.37,139.76,9722
2019-03-04,32,80.18,88.51,71.85,86.61,5919
2019-03-05,33,98.95,108.57,89.33,90.21,836
2019-03-06,34,84.34,90.4,78.28,85.7,5428
2019-03-07,35,139.08,144.4,133.76,142.15,6830
2019-03-08,36,87.33,95.69,78.97,90.0,1332
2019-03-09,37,109.55,114.11,104.99,111.28,5295
2019-03-10,38,73.93,80.7,67.16,72.41,8393
2019-03-11,39,100.45,109.99,90.91,103.09,983
2019-03-12,40,115.39,124.12,106.66,123.27,7781
2019-03-13,41,123.45,133.25,113.65,117.94,922
2019-03-14,42,68.04,72.99,63.09,71.81,8761
2019-03-15,43,125.3,128.22,122.38,122.9,3331
2019-03-16,44,122.83,130.46,115.2,117.53,7345
2019-03-17,45,104.19,104.43,103.95,104.25,984
2019-03-18,46,133.08,135.1,131.06,131.39,7716
2019-03-19,47,56.08,62.03,50.13,61.83,5559
2019-03-20,48,69.93,78.93,60.93,64.52,9336
2019-03-21,49,96.04,103.48,88.6,95.67,9549
2019-03-22,50,145.64,145.95,145.33,145.92,6754
2019-03-23,51,61.6,66.24,56.96,65.28,7636
2019-03-24,52,115.37,118.81,111.93,113.56,5991
2019-03-25,53,70.3,75.0,65.6,74.39,2496
2019-03-26,54,78.7,80.69,76.71,80.64,440
2019-03-27,55,78.25,80.81,75.69,76.5,9447
2019-03-28,56,93.1,97.7,88.5,93.32,411
2019-03-29,57,56.07,62.16,49.98,55.34,265
2019-03-30,58,83.91,92.0,75.82,76.4,8332
2019-03-31,59,71.89,81.78,62.0,68.56,6452
2019-04-01,60,84.99,91.35,78.63,84.23,152
2019-04-02,61,144.0,148.09,139.91,147.32,1160
2019-04-03,62,77.67,83.44,71.9,77.65,7972
2019-04-04,63,125.07,131.67,118.47,131.43,7533
2019-04-05,64,125.22,132.0,118.44,129.46,4521
2019-04-06,65,78.68,81.34,76.02,80.59,5754
2019-04-07,66,144.94,145.36,144.52,145.17,9500
2019-04-08,67,133.14,134.9,131.38,133.45,9591
2019-04-09,68,76.53,84.93,68.13,81.96,6308
2019-04-10,69,131.82,137.97,125.67,129.77,8929
2019-04-11,70,146.67,155.89,137.45,153.92,7491
2019-04-12,71,98.95,103.0,94.9,98.68,8292
2019-04-13,72,93.61,99.37,87.85,96.57,7341
2019-04-14,73,88.67,88.94,88.4,88.81,2857
2019-04-15,74,144.52,153.58,135.46,149.52,6898
2019-04-16,75,131.49,136.25,126.73,136.22,3072
2019-04-17,76,53.31,56.56,50.06,51.71,9598
2019-04-18,77,57.78,61.09,54.47,59.86,1212
2019-04-19,78,110.69,118.25,103.13,113.58,1542
2019-04-20,79,61.58,69.78,53.38,53.48,398
2019-04-21,80,62.24,65.01,59.47,64.27,3272
2019-04-22,81,90.03,91.34,88.72,89.44,2288
2019-04-23,82,111.86,114.81,108.91,114.22,1851
2019-04-24,83,123.26,131.17,115.35,118.75,8878
2019-04-25,84,139.99,141.81,138.17,140.5,3924
2019-04-26,85,107.56,117.47,97.65,111.12,3164
2019-04-27,86,81.0,82.76,79.24,79.31,9012
2019-04-28,87,115.82,121.87,109.77,118.28,582
2019-04-29,88,50.84,51.85,49.83,51.29,961
2019-04-30,89,98.71,106.36,91.06,102.2,3145
2019-05-01,90,85.11,93.2,77.02,89.61,6014
2019-05-02,91,92.89,95.77,90.01,93.7,8207
2019-05-03,92,106.85,108.4,105.3,108.08,9224
2019-05-04,93,64.85,67.53,62.17,66.31,6336
2019-05-05,94,58.6,58.99,58.21,58.44,3379
2019-05-06,95,117.09,121.18,113.0,120.65,7614
2019-05-07,96,143.73,143.91,143.55,143.7,3055
2019-05-08,97,104.54,105.15,103.93,104.2,8288
2019-05-09,98,101.69,107.18,96.2,97.81,4445
2019-05-10,99,99.02,105.6,92.44,97.46,7016
2019-05-11,100,132.1,141.9,122.3,137.18,2125
2019-05-12,101,113.06,116.12,110.0,113.83,4259
2019-05-13,102,101.05,101.28,100.82,101.05,8624
2019-05-14,103,106.9,107.32,106.48,106.83,181
2019-05-15,104,95.5,96.83,94.17,95.74,7215
2019-05-16,105,75.34,77.16,73.52,73.8,3748
2019-05-17,106,109.19,112.44,105.94,108.49,6555
2019-05-18,107,89.45,97.21,81.69,84.44,3444
2019-05-19,108,133.74,142.78,124.7,132.77,2059
2019-05-20,109,93.98,96.95,91.01,94.5,1543
2019-05-21,110,96.21,104.65,87.77,102.75,9478
2019-05-22,111,67.89,69.71,66.07,67.92,1982
2019-05-23,112,121.11,126.2,116.02,124.44,6977
2019-05-24,113,117.99,121.8,114.18,116.2,8827
2019-05-25,114,87.45,89.91,84.99,87.88,4376
2019-05-26,115,51.49,58.71,44.27,58.35,4605
2019-05-27,116,113.88,122.99,104.77,106.95,4249
2019-05-28,117,97.58,107.57,87.59,102.47,7834
2019-05-29,118,52.66,55.77,49.55,52.25,1808
2019-05-30,119,117.63,119.81,115.45,117.21,6895
2019-05-31,120,111.58,118.73,104.43,105.7,4733
2019-06-01,121,137.91,139.31,136.51,137.23,1569
2019-06-02,122,143.62,144.43,142.81,143.47,5723
2019-06-03,123,141.77,148.81,134.73,138.05,5231
2019-06-04,124,148.07,153.83,142.31,147.16,3067
2019-06-05,125,129.13,137.29,120.97,134.1,6867
2019-06-06,126,111.06,120.66,101.46,101.78,4777
2019-06-07,127,111.02,118.17,103.87,111.1,5264
2019-06-08,128,149.16,155.59,142.73,147.85,2590
2019-06-09,129,139.98,141.42,138.54,139.96,5095
2019-06-10,130,77.06,79.31,74.81,75.12,6234
2019-06-11,131,97.58,104.32,90.84,97.23,2039
2019-06-12,132,101.04,105.08,97.0,97.27,1740
2019-06-13,133,104.45,104.67,104.23,104.24,1657
2019-06-14,134,103.82,108.9,98.74,102.08,8776
2019-06-15,135,102.14,104.19,100.09,101.44,1792
2019-06-16,136,99.26,106.25,92.27,94.09,7863
2019-06-17,137,81.96,87.24,76.68,87.21,9702
2019-06-18,138,149.22,153.76,144.68,153.1,9366
2019-06-19,139,113.17,118.34,108.0,112.08,5924
2019-06-20,140,89.53,98.38,80.68,97.43,7641
2019-06-21,141,147.76,149.41,146.11,146.28,8186
2019-06-22,142,129.15,135.86,122.44,123.99,8142
2019-06-23,143,69.5,74.15,64.85,71.87,8760
2019-06-24,144,74.55,81.42,67.68,69.18,1607
2019-06-25,145,62.78,70.08,55.48,58.12,9258
2019-06-26,146,145.17,154.46,135.88,141.38,2153
2019-06-27,147,140.93,142.87,138.99,139.24,3070
2019-06-28,148,113.88,119.72,108.04,117.07,1686
2019-06-29,149,72.24,75.37,69.11,74.53,5349
2019-06-30,150,148.09,155.01,141.17,154.3,8388
2019-07-01,151,118.17,125.44,110.9,124.86,1658
2019-07-02,152,147.66,154.38,140.94,143.61,209
2019-07-03,153,130.16,138.22,122.1,136.92,8689
2019-07-04,154,143.17,150.12,136.22,137.69,3943
2019-07-05,155,112.56,121.78,103.34,116.14,385
2019-07-06,156,93.91,101.88,85.94,99.76,5443
2019-07-07,157,142.38,150.42,134.34,138.51,7789
2019-07-08,158,134.8,142.22,127.38,134.64,8145
2019-07-09,159,119.77,120.96,118.58,119.08,9016
2019-07-10,160,88.39,92.46,84.32,91.18,616
2019-07-11,161,137.02,141.35,132.69,138.07,2727
2019-07-12,162,112.3,114.8,109.8,113.14,7009
2019-07-13,163,81.8,89.07,74.53,79.69,7386
2019-07-14,164,106.89,114.42,99.36,100.08,2766
2019-07-15,165,59.08,59.3,58.86,59.29,8071
2019-07-16,166,138.27,143.05,133.49,139.33,9753
2019-07-17,167,96.17,100.9,91.44,98.98,1579
2019-07-18,168,84.42,91.86,76.98,88.58,5028
2019-07-19,169,77.58,82.63,72.53,78.98,6600
2019-07-20,170,96.7,98.38,95.02,97.97,826
2019-07-21,171,59.28,61.04,57.52,57.87,3619
2019-07-22,172,139.93,143.13,136.73,139.61,4539
2019-07-23,173,87.55,92.94,82.16,91.8,4086
2019-07-24,174,67.48,76.13,58.83,71.39,3817
2019-07-25,175,110.72,116.8,104.64,113.35,8528
2019-07-26,176,57.13,64.24,50.02,52.01,3892
2019-07-27,177,115.85,121.33,110.37,112.97,9321
2019-07-28,178,102.85,107.13,98.57,103.81,6838
2019-07-29,179,54.25,63.49,45.01,53.35,7492
2019-07-30,180,65.13,65.99,64.27,65.48,4121
2019-07-31,181,78.04,83.49,72.59,73.79,4688
2019-08-01,182,146.05,147.59,144.51,145.28,3897
2019-08-02,183,149.55,154.24,144.86,151.7,9574
2019-08-03,184,82.47,90.88,74.06,75.95,5132
2019-08-04,185,70.91,71.73,70.09,70.3,4474
2019-08-05,186,52.97,60.73,45.21,48.17,7452
2019-08-06,187,115.8,123.84,107.76,115.29,5924
2019-08-07,188,99.45,101.63,97.27,97.46,6763
2019-08-08,189,123.48,125.66,121.3,123.9,1252
2019-08-09,190,50.79,52.05,49.53,50.33,430
2019-08-10,191,133.06,143.03,123.09,129.56,9537
2019-08-11,192,91.08,97.32,84.84,93.26,9227
2019-08-12,193,61.97,71.29,52.65,57.06,3437
2019-08-13,194,137.14,138.2,136.08,137.55,2866
2019-08-14,195,86.45,92.71,80.19,83.19,5492
2019-08-15,196,98.07,108.01,88.13,106.75,5308
2019-08-16,197,141.95,147.39,136.51,140.84,2073
2019-08-17,198,128.27,133.61,122.93,129.01,333
2019-08-18,199,92.4,99.98,84.82,93.49,7619
2019-08-19,200,117.53,123.32,111.74,116.62,4496
2019-08-20,201,88.89,93.63,84.15,84.71,6835
2019-08-21,202,85.15,93.86,76.44,89.35,4856
2019-08-22,203,64.81,73.12,56.5,68.01,2040
2019-08-23,204,52.74,58.31,47.17,47.66,3886
2019-08-24,205,93.47,103.11,83.83,92.25,6806
2019-08-25,206,83.13,91.24,75.02,84.86,1848
2019-08-26,207,127.26,136.16,118.36,130.28,1004
2019-08-27,208,57.98,65.19,50.77,51.55,3477
2019-08-28,209,123.68,133.17,114.19,120.52,4895
2019-08-29,210,52.7,54.56,50.84,52.54,592
2019-08-30,211,87.48,91.04,83.92,89.47,2126
2019-08-31,212,110.44,114.93,105.95,114.08,4467
2019-09-01,213,135.99,143.92,128.06,129.1,6504
2019-09-02,214,142.56,144.86,140.26,140.73,1504
2019-09-03,215,98.85,103.49,94.21,102.83,6741
2019-09-04,216,60.01,68.92,51.1,52.3,1595
2019-09-05,217,113.39,119.33,107.45,114.37,4678
2019-09-06,218,89.33,98.54,80.12,97.67,5136
2019-09-07,219,122.59,126.18,119.0,121.6,1584
2019-09-08,220,76.74,81.46,72.02,76.74,5200
2019-09-09,221,96.33,96.82,95.84,96.0,2285
2019-09-10,222,72.7,76.91,68.49,71.69,6859
2019-09-11,223,86.51,87.29,85.73,86.69,9183
2019-09-12,224,86.76,96.46,77.06,96.33,8511
2019-09-13,225,99.64,102.74,96.54,99.1,9708
2019-09-14,226,60.4,69.47,51.33,53.91,2927
2019-09-15,227,124.41,132.48,116.34,131.9,9554
2019-09-16,228,72.96,82.95,62.97,70.6,7580
2019-09-17,229,129.66,136.92,122.4,123.25,8994
2019-09-18,230,121.06,130.79,111.33,118.23,1924
2019-09-19,231,144.58,151.64,137.52,144.06,368
2019-09-20,232,96.76,98.44,95.08,96.9,7032
2019-09-21,233,86.31,96.0,76.62,81.75,592
2019-09-22,234,101.99,109.28,94.7,106.64,8780
2019-09-23,235,95.08,98.39,91.77,94.98,7117
2019-09-24,236,139.83,149.49,130.17,137.59,6123
2019-09-25,237,70.02,71.25,68.79,70.97,1939
2019-09-26,238,89.95,98.31,81.59,97.67,5202
2019-09-27,239,55.44,58.42,52.46,54.48,3093
2019-09-28,240,53.32,55.21,51.43,52.85,7380
2019-09-29,241,148.46,156.04,140.88,144.05,6436
2019-09-30,242,129.15,137.79,120.51,134.97,3218
2019-10-01,243,81.55,90.05,73.05,84.14,640
2019-10-02,244,110.49,117.73,103.25,104.85,563
2019-10-03,245,88.85,90.08,87.62,87.92,2257
2019-10-04,246,93.43,99.31,87.55,91.0,233
2019-10-05,247,141.09,143.44,138.74,139.08,7209
2019-10-06,248,108.11,115.05,101.17,108.66,8165
2019-10-07,249,95.04,98.08,92.0,96.5,4792
2019-10-08,250,137.13,141.57,132.69,137.97,3830
2019-10-09,251,75.33,82.87,67.79,74.57,7151
2019-10-10,252,83.47,91.91,75.03,91.9,2890
2019-10-11,253,84.61,89.44,79.78,83.35,5179
2019-10-12,254,137.45,138.12,136.78,137.9,8256
2019-10-13,255,146.81,150.05,143.57,149.68,2205
2019-10-14,256,140.58,141.06,140.1,140.71,5190
2019-10-15,257,134.08,137.08,131.08,133.22,2048
2019-10-16,258,64.99,66.86,63.12,63.25,9393
2019-10-17,259,111.67,112.44,110.9,111.67,4128
2019-10-18,260,112.34,119.75,104.93,105.36,9571
2019-10-19,261,117.66,125.88,109.44,109.64,6497
2019-10-20,262,89.86,93.91,85.81,93.78,3877
2019-10-21,263,110.25,119.98,100.52,109.46,7115
2019-10-22,264,53.73,55.01,52.45,53.64,3624
2019-10-23,265,113.87,118.19,109.55,113.12,5273
2019-10-24,266,80.85,88.91,72.79,80.93,1685
2019-10-25,267,141.95,145.46,138.44,142.35,7799
2019-10-26,268,118.73,122.32,115.14,118.31,2978
2019-10-27,269,81.49,88.72,74.26,76.61,2674
2019-10-28,270,139.85,144.78,134.92,140.65,1539
2019-10-29,271,113.37,119.48,107.26,114.19,4625
2019-10-30,272,76.96,79.91,74.01,79.76,7265
2019-10-31,273,86.33,96.24,76.42,85.37,3667
2019-11-01,274,62.27,72.01,52.53,70.64,1093
2019-11-02,275,148.02,152.77,143.27,144.82,5818
2019-11-03,276,129.19,129.93,128.45,128.66,5775
2019-11-04,277,77.55,84.18,70.92,78.02,1185
2019-11-05,278,63.17,70.43,55.91,58.15,9039
2019-11-06,279,115.98,116.89,115.07,115.12,984
2019-11-07,280,112.05,119.97,104.13,108.64,2246
2019-11-08,281,146.39,151.9,140.88,147.43,9588
2019-11-09,282,119.81,121.78,117.84,120.73,2749
2019-11-10,283,55.0,56.73,53.27,55.85,9762
2019-11-11,284,144.87,147.82,141.92,147.35,7854
2019-11-12,285,128.04,135.58,120.5,131.74,184
2019-11-13,286,97.83,106.22,89.44,99.04,2609
2019-11-14,287,108.71,116.74,100.68,113.53,5456
2019-11-15,288,123.91,132.96,114.86,128.71,5378
2019-11-16,289,105.95,106.57,105.33,105.4,5246
2019-11-17,290,57.57,64.58,50.56,61.41,4696
2019-11-18,291,148.44,157.73,139.15,147.67,6891
2019-11-19,292,59.71,60.07,59.35,59.51,7796
2019-11-20,293,59.28,63.19,55.37,56.19,5336
2019-11-21,294,133.23,135.32,131.14,132.76,2624
2019-11-22,295,136.39,145.58,127.2,142.84,3507
2019-11-23,296,122.93,128.3,117.56,124.79,4563
2019-11-24,297,91.96,100.9,83.02,87.58,1910
2019-11-25,298,129.5,130.5,128.5,128.59,8271
2019-11-26,299,113.69,115.61,111.77,114.3,594
2019-11-27,300,68.65,71.15,66.15,66.2,1175
2019-11-28,301,55.7,65.42,45.98,47.62,8618
2019-11-29,302,126.23,133.4,119.06,133.27,4971
2019-11-30,303,110.31,118.04,102.58,111.59,1240
2019-12-01,304,75.29,83.74,66.84,71.22,9161
2019-12-02,305,99.62,103.81,95.43,100.77,5703
2019-12-03,306,87.76,91.94,83.58,90.23,9548
2019-12-04,307,135.33,141.09,129.57,137.93,6282
2019-12-05,308,69.59,78.78,60.4,61.25,7182
2019-12-06,309,52.78,59.15,46.41,52.92,9993
2019-12-07,310,145.84,149.44,142.24,144.68,7972
2019-12-08,311,129.14,136.29,121.99,134.47,1992
2019-12-09,312,135.1,144.98,125.22,129.21,1241
2019-12-10,313,134.96,138.71,131.21,133.83,5638
2019-12-11,314,131.87,138.72,125.02,133.23,6666
2019-12-12,315,81.07,84.5,77.64,79.49,133
2019-12-13,316,108.08,114.78,101.38,108.05,4614
2019-12-14,317,117.54,121.21,113.87,118.63,4806
2019-12-15,318,57.8,58.49,57.11,57.37,9708
2019-12-16,319,60.31,68.18,52.44,55.87,9092
2019-12-17,320,65.26,73.96,56.56,68.55,931
2019-12-18,321,129.1,135.37,122.83,131.83,3899
2019-12-19,322,62.3,67.93,56.67,64.94,166
2019-12-20,323,60.13,65.65,54.61,64.31,3443
2019-12-21,324,149.5,152.28,146.72,151.02,2744
2019-12-22,325,141.64,148.88,134.4,141.22,7640
2019-12-23,326,85.76,89.3,82.22,83.72,6154
2019-12-24,327,108.59,116.83,100.35,108.96,5910
2019-12-25,328,85.96,94.36,77.56,84.48,1912
2019-12-26,329,125.04,129.96,120.12,123.73,868
2019-12-27,330,80.29,88.04,72.54,79.28,8652
2019-12-28,331,76.33,76.65,76.01,76.38,8478
2019-12-29,332,149.53,156.04,143.02,151.81,453
2019-12-30,333,79.36,82.44,76.28,79.64,5842
2019-12-31,334,100.64,105.55,95.73,101.23,8208
2020-01-01,335,61.84,68.65,55.03,62.16,281
2020-01-02,336,115.7,125.39,106.01,124.04,2839
2020-01-03,337,139.54,142.38,136.7,139.21,3197
2020-01-04,338,130.48,131.22,129.74,131.16,9665
2020-01-05,339,52.77,62.25,43.29,46.43,695
2020-01-06,340,67.26,71.09,63.43,69.97,3929
2020-01-07,341,93.27,101.76,84.78,98.79,1578
2020-01-08,342,149.03,159.01,139.05,140.8,2739
2020-01-09,343,60.0,65.46,54.54,60.07,5077
2020-01-10,344,117.61,119.14,116.08,119.06,1429
2020-01-11,345,79.24,80.01,78.47,79.58,9767
2020-01-12,346,66.05,68.71,63.39,64.28,7278
2020-01-13,347,73.52,83.42,63.62,68.88,7225
2020-01-14,348,147.35,151.79,142.91,144.72,6138
2020-01-15,349,148.52,154.46,142.58,153.88,6695
2020-01-16,350,132.87,141.5,124.24,126.82,5926
2020-01-17,351,129.37,131.59,127.15,129.05,4056
2020-01-18,352,125.19,134.46,115.92,121.23,9316
2020-01-19,353,98.19,106.4,89.98,91.7,9046
2020-01-20,354,75.91,76.38,75.44,75.92,9375
2020-01-21,355,131.7,134.57,128.83,133.52,3896
2020-01-22,356,88.14,91.16,85.12,86.56,1184
2020-01-23,357,142.32,151.93,132.71,149.53,4958
2020-01-24,358,56.35,56.51,56.19,56.44,3284
2020-01-25,359,96.9,105.04,88.76,96.21,5743
2020-01-26,360,88.04,95.27,80.81,83.33,4328
2020-01-27,361,107.65,117.29,98.01,113.38,3112
2020-01-28,362,122.29,129.19,115.39,115.81,8388
2020-01-29,363,136.86,144.84,128.88,140.09,5194
2020-01-30,364,57.32,57.72,56.92,57.05,7853
2020-01-31,365,76.77,85.0,68.54,77.79,779
2020-02-01,366,125.9,128.45,123.35,124.32,2861
2020-02-02,367,83.97,92.82,75.12,82.12,5543
2020-02-03,368,93.39,95.06,91.72,92.21,3993
2020-02-04,369,76.25,83.84,68.66,76.6,4607
2020-02-05,370,73.68,77.81,69.55,69.69,1613
2020-02-06,371,140.56,148.78,132.34,137.5,6887
2020-02-07,372,64.14,68.83,59.45,60.14,5788
2020-02-08,373,82.9,91.93,73.87,79.17,1862
2020-02-09,374,98.11,106.67,89.55,92.32,5405
2020-02-10,375,131.29,140.31,122.27,128.15,8437
2020-02-11,376,73.81,78.39,69.23,69.77,5345
2020-02-12,377,117.88,121.47,114.29,116.71,6206
2020-02-13,378,76.16,86.05,66.27,73.68,8723
2020-02-14,379,71.93,73.6,70.26,72.33,1706
2020-02-15,380,90.03,97.51,82.55,85.05,4354
2020-02-16,381,93.19,99.35,87.03,89.94,9553
2020-02-17,382,63.56,70.38,56.74,56.98,1316
2020-02-18,383,100.69,106.03,95.35,95.92,4676
2020-02-19,384,94.14,97.55,90.73,94.92,4512
2020-02-20,385,140.67,144.72,136.62,140.07,748
2020-02-21,386,56.29,60.62,51.96,55.5,7855
2020-02-22,387,120.27,129.08,111.46,111.54,5650
2020-02-23,388,60.75,66.53,54.97,56.77,3883
2020-02-24,389,126.91,127.62,126.2,126.55,2038
2020-02-25,390,135.94,143.53,128.35,135.63,176
2020-02-26,391,126.77,130.98,122.56,123.84,4898
2020-02-27,392,89.92,99.33,80.51,86.01,609
2020-02-28,393,113.23,117.94,108.52,110.3,6200
2020-02-29,394,93.4,102.74,84.06,89.94,1543
2020-03-01,395,92.64,99.5,85.78,95.93,5071
2020-03-02,396,141.43,142.19,140.67,141.5,1632
2020-03-03,397,119.04,124.13,113.95,119.83,1227
2020-03-04,398,129.82,138.95,120.69,138.02,2413
2020-03-05,399,71.1,76.28,65.92,71.39,1621
2020-03-06,400,140.3,140.63,139.97,140.58,7229
2020-03-07,401,98.58,105.04,92.12,93.87,4311
2020-03-08,402,137.72,146.69,128.75,132.67,5658
2020-03-09,403,89.95,96.98,82.92,88.39,2847
2020-03-10,404,88.72,93.48,83.96,91.22,9494
2020-03-11,405,80.75,83.31,78.19,82.33,3196
2020-03-12,406,149.42,158.15,140.69,153.33,7744
2020-03-13,407,64.78,72.22,57.34,58.51,1621
2020-03-14,408,116.23,119.82,112.64,119.28,5919
2020-03-15,409,97.66,105.92,89.4,92.86,598
2020-03-16,410,64.24,65.12,63.36,64.18,4030
2020-03-17,411,92.49,100.16,84.82,89.6,1468
2020-03-18,412,52.72,53.25,52.19,52.95,679
2020-03-19,413,68.62,78.31,58.93,68.32,4744
2020-03-20,414,121.57,129.27,113.87,125.72,9411
2020-03-21,415,92.12,94.31,89.93,93.72,3025
2020-03-22,416,62.83,67.61,58.05,65.17,8942
2020-03-23,417,101.36,105.37,97.35,105.29,6201
2020-03-24,418,106.99,115.21,98.77,99.72,2267
2020-03-25,419,70.49,78.48,62.5,64.6,5911
2020-03-26,420,140.13,146.26,134.0,134.87,8215
2020-03-27,421,76.63,82.17,71.09,81.95,8188
2020-03-28,422,56.91,57.69,56.13,56.64,8718
2020-03-29,423,98.87,99.34,98.4,98.78,3240
2020-03-30,424,135.82,144.34,127.3,132.6,4802
2020-03-31,425,86.14,92.77,79.51,85.4,9495
2020-04-01,426,128.75,134.31,123.19,127.67,778
2020-04-02,427,120.96,129.58,112.34,124.86,3631
2020-04-03,428,85.02,88.97,81.07,82.77,2095
2020-04-04,429,105.03,109.37,100.69,105.0,8089
2020-04-05,430,57.26,66.86,47.66,57.09,3411
2020-04-06,431,105.93,108.24,103.62,104.32,7071
2020-04-07,432,56.15,65.92,46.38,47.4,4698
2020-04-08,433,109.83,112.67,106.99,112.39,5829
2020-04-09,434,87.51,95.0,80.02,88.67,1802
2020-04-10,435,62.16,65.67,58.65,63.91,8339
2020-04-11,436,102.04,103.86,100.22,101.28,7980
2020-04-12,437,125.77,128.7,122.84,128.69,5081
2020-04-13,438,91.82,98.53,85.11,91.54,8313
2020-04-14,439,94.38,104.04,84.72,92.95,5564
2020-04-15,440,73.82,74.89,72.75,74.68,9500
2020-04-16,441,50.18,59.13,41.23,47.4,2959
2020-04-17,442,123.79,126.69,120.89,122.96,2407
2020-04-18,443,111.49,116.39,106.59,112.11,4366
2020-04-19,444,81.85,90.95,72.75,85.57,2525
2020-04-20,445,83.9,93.15,74.65,74.98,6969
2020-04-21,446,88.24,97.63,78.85,82.82,3446
2020-04-22,447,105.46,109.88,101.04,103.57,3268
2020-04-23,448,124.48,132.71,116.25,120.45,1444
2020-04-24,449,80.11,85.83,74.39,83.9,1203
2020-04-25,450,51.76,54.12,49.4,50.72,610
2020-04-26,451,112.34,116.85,107.83,113.86,2002
2020-04-27,452,83.54,87.0,80.08,85.36,6030
2020-04-28,453,96.52,106.02,87.02,87.68,3555
2020-04-29,454,145.04,145.59,144.49,145.57,2199
2020-04-30,455,73.09,76.21,69.97,75.27,4332
2020-05-01,456,88.95,97.03,80.87,93.07,104
2020-05-02,457,57.04,58.13,55.95,57.53,4583
2020-05-03,458,149.18,156.75,141.61,156.31,8311
2020-05-04,459,99.86,101.12,98.6,100.08,7895
2020-05-05,460,121.75,123.46,120.04,121.41,4027
2020-05-06,461,119.88,128.22,111.54,111.92,2352
2020-05-07,462,80.2,86.19,74.21,84.22,8979
2020-05-08,463,126.4,127.46,125.34,125.88,3103
2020-05-09,464,86.19,91.51,80.87,85.5,292
2020-05-10,465,65.12,71.23,59.01,67.11,1965
2020-05-11,466,135.35,139.66,131.04,134.0,1500
2020-05-12,467,117.16,125.45,108.87,117.82,4578
2020-05-13,468,68.57,75.24,61.9,73.16,1864
2020-05-14,469,132.42,138.95,125.89,125.93,7796
2020-05-15,470,107.15,107.43,106.87,107.13,5504
2020-05-16,471,93.49,97.61,89.37,89.4,3571
2020-05-17,472,54.96,61.2,48.72,58.83,5546
2020-05-18,473,119.26,123.42,115.1,115.41,1389
2020-05-19,474,113.23,122.17,104.29,114.83,6704
2020-05-20,475,101.8,108.0,95.6,97.56,5847
2020-05-21,476,70.5,75.79,65.21,74.57,7684
2020-05-22,477,110.71,113.4,108.02,108.95,328
2020-05-23,478,125.87,131.14,120.6,124.11,1199
2020-05-24,479,133.97,139.97,127.97,138.15,2006
2020-05-25,480,63.73,69.13,58.33,68.65,4928
2020-05-26,481,100.69,103.43,97.95,99.35,5666
2020-05-27,482,96.72,98.14,95.3,97.12,3725
2020-05-28,483,85.83,89.12,82.54,85.52,6326
2020-05-29,484,103.51,106.21,100.81,102.94,765
2020-05-30,485,148.47,156.36,140.58,153.97,3169
2020-05-31,486,65.94,67.38,64.5,66.1,1980
2020-06-01,487,65.69,71.65,59.73,60.28,1407
2020-06-02,488,76.23,78.42,74.04,75.39,9744
2020-06-03,489,59.3,63.15,55.45,62.03,6524
2020-06-04,490,84.63,94.49,74.77,87.25,4084
2020-06-05,491,60.99,61.63,60.35,61.32,1804
2020-06-06,492,68.35,75.48,61.22,66.9,4569
2020-06-07,493,118.24,126.1,110.38,114.4,8423
2020-06-08,494,90.32,96.07,84.57,92.6,3372
2020-06-09,495,127.6,127.71,127.49,127.58,7361
2020-06-10,496,77.25,85.41,69.09,81.22,170
2020-06-11,497,123.46,129.9,117.02,121.79,5132
2020-06-12,498,91.07,99.84,82.3,95.65,5116
2020-06-13,499,80.79,88.76,72.82,78.11,8950
2020-06-14,500,130.75,134.47,127.03,130.89,3519
2020-06-15,501,107.79,110.59,104.99,109.63,332
2020-06-16,502,124.38,126.85,121.91,122.25,389
2020-06-17,503,71.57,78.99,64.15,64.82,2107
2020-06-18,504,54.46,63.48,45.44,58.16,1651
2020-06-19,505,122.82,131.75,113.89,130.88,4605
2020-06-20,506,95.12,99.21,91.03,95.94,4813
2020-06-21,507,105.96,114.35,97.57,98.38,8457
2020-06-22,508,133.09,141.81,124.37,136.2,9550
2020-06-23,509,126.02,126.67,125.37,125.54,5419
2020-06-24,510,145.6,150.13,141.07,146.24,9424
2020-06-25,511,88.43,95.71,81.15,94.79,3256
2020-06-26,512,142.48,151.61,133.35,135.13,6612
2020-06-27,513,132.74,140.53,124.95,125.67,9060
2020-06-28,514,133.96,139.89,128.03,130.3,5162
2020-06-29,515,122.87,126.14,119.6,120.36,7109
2020-06-30,516,107.88,116.71,99.05,110.56,9292
2020-07-01,517,62.63,66.14,59.12,60.23,1309
2020-07-02,518,123.24,123.84,122.64,122.82,9706
2020-07-03,519,58.25,67.84,48.66,52.91,8228
2020-07-04,520,111.52,119.75,103.29,115.7,8737
2020-07-05,521,121.24,121.25,121.23,121.23,2779
2020-07-06,522,70.31,72.53,68.09,68.6,795
2020-07-07,523,78.76,81.04,76.48,76.7,4683
2020-07-08,524,59.47,64.47,54.47,57.5,6827
2020-07-09,525,98.13,104.07,92.19,92.19,7050
2020-07-10,526,64.3,69.72,58.88,59.82,4013
2020-07-11,527,74.31,77.1,71.52,76.97,3197
2020-07-12,528,52.25,57.0,47.5,54.96,496
2020-07-13,529,145.76,148.1,143.42,145.5,9612
2020-07-14,530,139.12,142.43,135.81,142.26,5923
2020-07-15,531,149.37,154.25,144.49,151.54,392
2020-07-16,532,86.46,96.08,76.84,95.71,5979
2020-07-17,533,92.74,96.97,88.51,91.04,1842
2020-07-18,534,121.23,121.94,120.52,121.62,1374
2020-07-19,535,62.12,65.58,58.66,60.16,8565
2020-07-20,536,119.49,121.87,117.11,117.92,4056
2020-07-21,537,122.23,123.22,121.24,122.77,5713
2020-07-22,538,102.01,110.21,93.81,96.45,9237
2020-07-23,539,104.49,105.03,103.95,104.52,1750
2020-07-24,540,148.99,155.4,142.58,146.54,3137
2020-07-25,541,69.4,70.58,68.22,69.32,8171
2020-07-26,542,141.48,145.61,137.35,138.92,8178
2020-07-27,543,125.32,126.23,124.41,125.72,4459
2020-07-28,544,113.02,122.17,103.87,104.0,2295
2020-07-29,545,98.08,106.62,89.54,91.81,3490
2020-07-30,546,147.84,153.11,142.57,151.53,1936
2020-07-31,547,126.84,129.16,124.52,125.88,7787
2020-08-01,548,74.5,83.36,65.64,66.47,1859
2020-08-02,549,88.91,97.74,80.08,95.84,420
2020-08-03,550,79.03,79.07,78.99,78.99,6993
2020-08-04,551,56.45,65.99,46.91,55.08,3210
2020-08-05,552,122.98,127.95,118.01,124.09,4950
2020-08-06,553,145.1,152.65,137.55,150.33,1445
2020-08-07,554,118.86,128.81,108.91,121.81,9855
2020-08-08,555,64.07,65.29,62.85,64.59,1735
2020-08-09,556,124.7,130.45,118.95,128.49,8797
2020-08-10,557,111.98,114.42,109.54,110.41,7118
2020-08-11,558,70.43,74.82,66.04,70.76,5280
2020-08-12,559,130.16,138.3,122.02,130.27,9581
2020-08-13,560,110.86,111.76,109.96,111.28,2985
2020-08-14,561,106.39,108.03,104.75,107.26,5733
2020-08-15,562,64.53,68.55,60.51,62.02,4680
2020-08-16,563,120.37,127.12,113.62,117.8,2964
2020-08-17,564,141.62,142.22,141.02,141.98,8826
2020-08-18,565,70.37,76.65,64.09,69.26,9117
2020-08-19,566,67.27,72.61,61.93,68.98,6396
2020-08-20,567,73.53,79.34,67.72,69.63,2601
2020-08-21,568,118.99,124.08,113.9,123.99,8556
2020-08-22,569,124.79,133.91,115.67,132.63,3128
2020-08-23,570,75.59,76.24,74.94,75.38,7986
2020-08-24,571,148.87,151.21,146.53,149.2,1326
2020-08-25,572,133.63,139.16,128.1,131.68,2118
2020-08-26,573,107.98,112.91,103.05,111.31,8693
2020-08-27,574,106.11,107.34,104.88,104.89,8524
2020-08-28,575,119.5,127.14,111.86,114.03,3974
2020-08-29,576,136.09,138.78,133.4,137.94,7062
2020-08-30,577,135.62,144.21,127.03,138.48,5460
2020-08-31,578,129.28,132.77,125.79,127.95,3391
2020-09-01,579,121.52,125.22,117.82,124.38,3003
2020-09-02,580,118.1,127.91,108.29,125.62,4553
2020-09-03,581,124.79,128.33,121.25,127.81,5362
2020-09-04,582,80.07,83.68,76.46,80.6,351
2020-09-05,583,89.14,91.57,86.71,89.95,446
2020-09-06,584,142.04,148.73,135.35,146.66,5150
2020-09-07,585,107.84,112.73,102.95,103.82,8948
2020-09-08,586,139.3,144.77,133.83,135.9,5405
2020-09-09,587,53.96,54.11,53.81,54.07,3487
2020-09-10,588,131.02,140.79,121.25,139.26,2129
2020-09-11,589,131.71,138.76,124.66,136.56,6088
2020-09-12,590,79.67,86.17,73.17,79.63,4932
2020-09-13,591,122.78,127.65,117.91,125.86,3157
2020-09-14,592,132.16,133.14,131.18,132.27,301
2020-09-15,593,60.36,63.38,57.34,60.97,8292
2020-09-16,594,140.53,147.66,133.4,140.09,1087
2020-09-17,595,145.88,150.85,140.91,148.03,7210
2020-09-18,596,73.62,82.52,64.72,66.85,4555
2020-09-19,597,129.06,134.06,124.06,130.91,7312
2020-09-20,598,80.58,86.65,74.51,75.95,1103
2020-09-21,599,97.78,98.01,97.55,97.86,660
2020-09-22,600,80.97,84.17,77.77,80.81,880
2020-09-23,601,140.98,146.8,135.16,141.49,8128
2020-09-24,602,73.06,73.72,72.4,72.9,7155
2020-09-25,603,137.45,139.37,135.53,137.77,3381
2020-09-26,604,92.58,102.46,82.7,100.9,5927
2020-09-27,605,130.74,134.36,127.12,133.17,5739
2020-09-28,606,142.23,149.22,135.24,139.19,5934
2020-09-29,607,136.52,142.65,130.39,141.6,5391
2020-09-30,608,94.21,99.26,89.16,92.24,2404
2020-10-01,609,78.39,81.83,74.95,75.68,3388
2020-10-02,610,112.69,112.8,112.58,112.74,818
2020-10-03,611,149.3,155.1,143.5,155.08,9916
2020-10-04,612,104.71,110.87,98.55,101.96,9991
2020-10-05,613,77.99,83.91,72.07,73.48,4346
2020-10-06,614,120.62,121.89,119.35,120.57,700
2020-10-07,615,121.41,129.4,113.42,121.21,7485
2020-10-08,616,116.8,119.97,113.63,118.47,805
2020-10-09,617,142.67,149.39,135.95,148.83,935
2020-10-10,618,55.83,61.54,50.12,51.27,8586
2020-10-11,619,51.78,57.8,45.76,46.03,5454
2020-10-12,620,111.84,119.8,103.88,117.33,5075
2020-10-13,621,144.11,147.64,140.58,142.77,8528
2020-10-14,622,81.68,82.91,80.45,81.58,217
2020-10-15,623,55.74,60.05,51.43,57.67,6670
2020-10-16,624,127.44,131.11,123.77,128.27,1199
2020-10-17,625,100.02,104.68,95.36,99.74,7090
2020-10-18,626,96.83,97.96,95.7,97.43,9834
2020-10-19,627,99.64,105.18,94.1,95.68,9943
2020-10-20,628,131.44,137.04,125.84,134.81,4276
2020-10-21,629,75.23,81.95,68.51,70.95,2036
2020-10-22,630,120.39,129.66,111.12,121.51,8364
2020-10-23,631,82.28,90.88,73.68,87.96,118
2020-10-24,632,142.86,149.73,135.99,146.0,7112
2020-10-25,633,126.88,134.95,118.81,134.77,4229
2020-10-26,634,147.5,156.16,138.84,148.8,4096
2020-10-27,635,85.2,94.46,75.94,87.7,4548
2020-10-28,636,100.28,105.45,95.11,105.33,6386
2020-10-29,637,135.82,137.1,134.54,136.94,1577
2020-10-30,638,75.73,81.48,69.98,77.03,2611
2020-10-31,639,139.21,140.0,138.42,139.75,535
2020-11-01,640,137.49,146.78,128.2,136.01,6374
2020-11-02,641,60.06,63.71,56.41,60.09,8967
2020-11-03,642,148.85,150.63,147.07,147.96,1569
2020-11-04,643,124.12,124.51,123.73,123.95,8692
2020-11-05,644,74.19,80.57,67.81,74.48,1746
2020-11-06,645,147.01,148.61,145.41,146.86,9515
2020-11-07,646,97.3,103.77,90.83,96.4,4287
2020-11-08,647,97.75,100.07,95.43,96.03,9046
2020-11-09,648,61.54,65.71,57.37,61.66,4880
2020-11-10,649,69.61,71.33,67.89,70.11,6942
2020-11-11,650,132.33,133.93,130.73,133.79,1841
2020-11-12,651,115.23,121.43,109.03,112.46,646
2020-11-13,652,129.89,137.83,121.95,129.8,1741
2020-11-14,653,107.2,114.87,99.53,111.76,5515
2020-11-15,654,83.22,87.27,79.17,83.01,8497
2020-11-16,655,58.05,68.04,48.06,53.82,6888
2020-11-17,656,145.97,154.78,137.16,152.07,193
2020-11-18,657,87.71,97.06,78.36,86.46,5121
2020-11-19,658,116.23,117.05,115.41,115.43,2670
2020-11-20,659,77.23,80.85,73.61,79.12,3254
2020-11-21,660,85.65,89.25,82.05,86.99,1105
2020-11-22,661,106.34,114.85,97.83,101.16,2655
2020-11-23,662,81.13,87.25,75.01,85.62,8014
2020-11-24,663,100.58,110.29,90.87,109.47,5656
2020-11-25,664,139.88,143.17,136.59,143.03,2789
2020-11-26,665,63.42,72.19,54.65,61.01,9164
2020-11-27,666,121.02,126.29,115.75,124.97,2996
2020-11-28,667,106.85,112.46,101.24,104.74,4467
2020-11-29,668,75.74,77.52,73.96,74.99,3472
2020-11-30,669,98.77,106.85,90.69,105.9,4432
2020-12-01,670,111.63,118.69,104.57,117.33,9841
2020-12-02,671,104.62,112.25,96.99,112.01,2792
2020-12-03,672,114.39,116.34,112.44,113.85,7993
2020-12-04,673,136.35,145.94,126.76,142.07,6600
2020-12-05,674,111.01,119.89,102.13,104.27,3515
2020-12-06,675,114.18,118.49,109.87,114.0,6636
2020-12-07,676,132.12,140.89,123.35,137.57,7560
2020-12-08,677,53.62,57.48,49.76,56.85,8422
2020-12-09,678,89.29,95.16,83.42,86.0,4395
2020-12-10,679,57.27,66.62,47.92,60.71,2653
2020-12-11,680,58.28,65.09,51.47,61.57,4281
2020-12-12,681,101.36,107.62,95.1,105.88,5541
2020-12-13,682,101.11,110.65,91.57,97.42,4453
2020-12-14,683,63.23,63.41,63.05,63.33,6796
2020-12-15,684,138.46,143.47,133.45,142.69,9948
2020-12-16,685,118.3,119.94,116.66,118.95,7882
2020-12-17,686,118.04,125.95,110.13,120.79,4157
2020-12-18,687,143.07,150.7,135.44,137.37,1422
2020-12-19,688,102.2,110.42,93.98,94.99,1737
2020-12-20,689,54.24,60.5,47.98,57.25,8443
2020-12-21,690,78.09,85.76,70.42,81.11,4865
2020-12-22,691,112.19,113.36,111.02,112.86,4658
2020-12-23,692,145.66,155.34,135.98,145.49,5628
2020-12-24,693,91.59,99.32,83.86,92.76,4731
2020-12-25,694,81.54,91.53,71.55,80.48,1708
2020-12-26,695,53.1,58.92,47.28,51.81,3723
2020-12-27,696,52.64,54.18,51.1,52.86,181
2020-12-28,697,61.75,69.46,54.04,58.0,8192
2020-12-29,698,119.97,125.19,114.75,118.65,2191
2020-12-30,699,135.42,145.26,125.58,133.85,6503
2020-12-31,700,128.3,131.17,125.43,130.48,9678
2021-01-01,701,117.12,125.6,108.64,123.82,7002
2021-01-02,702,148.59,149.29,147.89,149.12,7028
2021-01-03,703,121.58,124.49,118.67,119.67,902
2021-01-04,704,85.74,85.92,85.56,85.79,2814
2021-01-05,705,75.98,77.07,74.89,74.98,4365
2021-01-06,706,114.4,118.81,109.99,110.62,6967
2021-01-07,707,134.83,137.15,132.51,133.56,7099
2021-01-08,708,58.11,65.39,50.83,61.89,6655
2021-01-09,709,65.15,74.32,55.98,60.6,5974
2021-01-10,710,134.68,138.82,130.54,135.34,498
2021-01-11,711,69.02,69.08,68.96,69.07,5198
2021-01-12,712,134.14,136.32,131.96,135.8,6755
2021-01-13,713,71.3,72.31,70.29,71.69,1940
2021-01-14,714,105.34,113.5,97.18,111.76,3544
2021-01-15,715,125.52,126.2,124.84,125.18,2085
2021-01-16,716,143.61,147.54,139.68,145.42,2516
2021-01-17,717,123.47,124.4,122.54,124.18,7415
2021-01-18,718,146.52,147.67,145.37,147.48,5989
2021-01-19,719,128.0,133.57,122.43,131.2,6963
2021-01-20,720,104.0,107.88,100.12,105.32,2950
2021-01-21,721,125.62,134.35,116.89,121.86,8359
2021-01-22,722,128.12,134.15,122.09,130.69,9458
2021-01-23,723,102.07,106.23,97.91,102.39,3906
2021-01-24,724,125.39,134.0,116.78,126.49,9694
2021-01-25,725,113.72,123.42,104.02,117.52,8456
2021-01-26,726,62.71,71.48,53.94,58.09,787
2021-01-27,727,109.08,113.91,104.25,113.06,3448
2021-01-28,728,114.98,120.69,109.27,115.14,8819
2021-01-29,729,75.76,76.03,75.49,75.93,6854
2021-01-30,730,68.59,72.97,64.21,67.73,3064
2021-01-31,731,109.86,118.32,101.4,107.72,4308
2021-02-01,732,111.96,113.62,110.3,111.25,3575
2021-02-02,733,112.65,115.27,110.03,111.0,1859
2021-02-03,734,93.54,97.97,89.11,91.8,3621
2021-02-04,735,107.77,111.06,104.48,107.18,3531
2021-02-05,736,143.48,146.5,140.46,144.7,8703
2021-02-06,737,87.01,96.19,77.83,92.85,3811
2021-02-07,738,84.89,94.06,75.72,90.63,7731
2021-02-08,739,149.84,154.57,145.11,147.06,6618
2021-02-09,740,91.72,94.33,89.11,89.9,5863
2021-02-10,741,121.16,127.97,114.35,122.04,265
2021-02-11,742,141.65,143.75,139.55,143.15,9848
2021-02-12,743,59.06,60.89,57.23,58.85,6109
2021-02-13,744,144.49,152.47,136.51,137.36,299
2021-02-14,745,77.52,84.36,70.68,71.11,7931
2021-02-15,746,118.14,126.98,109.3,115.17,533
2021-02-16,747,96.84,103.27,90.41,102.7,4203
2021-02-17,748,64.49,70.67,58.31,70.67,3290
2021-02-18,749,106.07,111.15,100.99,104.64,4332
2021-02-19,750,72.33,78.88,65.78,76.86,2420
2021-02-20,751,140.08,147.99,132.17,141.73,1005
2021-02-21,752,83.13,89.75,76.51,86.61,7533
2021-02-22,753,65.22,67.8,62.64,66.53,1980
2021-02-23,754,104.98,111.72,98.24,107.06,9095
2021-02-24,755,90.38,95.56,85.2,94.04,5201
2021-02-25,756,77.25,77.96,76.54,77.92,6033
2021-02-26,757,58.05,60.56,55.54,55.68,4967
2021-02-27,758,148.84,152.53,145.15,147.39,7511
2021-02-28,759,104.35,111.16,97.54,106.74,8653
2021-03-01,760,95.13,102.63,87.63,94.5,4411
2021-03-02,761,96.9,106.67,87.13,101.47,8726
2021-03-03,762,118.07,127.03,109.11,113.77,515
2021-03-04,763,65.59,74.09,57.09,67.89,2824
2021-03-05,764,84.3,93.33,75.27,91.87,1594
2021-03-06,765,73.21,76.29,70.13,73.28,8694
2021-03-07,766,95.7,102.32,89.08,90.42,7160
2021-03-08,767,55.38,57.98,52.78,55.56,4833
2021-03-09,768,81.07,89.47,72.67,86.66,402
2021-03-10,769,67.52,75.81,59.23,60.23,7063
2021-03-11,770,118.3,121.85,114.75,115.02,6263
2021-03-12,771,115.03,115.95,114.11,114.14,1231
2021-03-13,772,96.67,101.54,91.8,99.33,7318
2021-03-14,773,136.91,144.32,129.5,135.22,248
2021-03-15,774,135.99,136.47,135.51,135.8,7735
2021-03-16,775,82.11,84.81,79.41,79.58,4309
2021-03-17,776,79.47,84.22,74.72,82.67,9433
2021-03-18,777,126.89,126.9,126.88,126.89,8427
2021-03-19,778,144.03,147.55,140.51,142.85,3357
2021-03-20,779,83.77,90.74,76.8,83.1,9680
2021-03-21,780,77.07,84.19,69.95,73.1,5399
2021-03-22,781,70.87,73.01,68.73,72.01,6425
2021-03-23,782,132.52,133.44,131.6,131.9,9951
2021-03-24,783,142.51,151.44,133.58,137.14,3347
2021-03-25,784,86.74,92.05,81.43,89.3,9564
2021-03-26,785,134.95,135.51,134.39,135.46,2109
2021-03-27,786,97.87,101.19,94.55,99.34,3859
2021-03-28,787,63.05,72.84,53.26,55.22,777
2021-03-29,788,97.6,107.48,87.72,91.58,8881
2021-03-30,789,71.83,77.95,65.71,67.43,7294
2021-03-31,790,129.44,135.53,123.35,128.63,469
2021-04-01,791,145.25,153.42,137.08,143.69,9143
2021-04-02,792,146.94,154.86,139.02,144.85,9064
2021-04-03,793,125.02,130.2,119.84,125.23,5925
2021-04-04,794,91.29,91.66,90.92,91.37,1035
2021-04-05,795,111.48,114.38,108.58,108.67,6429
2021-04-06,796,53.36,55.93,50.79,53.44,8286
2021-04-07,797,66.37,71.27,61.47,65.13,6303
2021-04-08,798,69.96,70.13,69.79,69.98,7454
2021-04-09,799,51.4,57.3,45.5,54.98,1549
2021-04-10,800,61.66,70.56,52.76,53.67,1210
2021-04-11,801,90.75,94.71,86.79,90.94,888
2021-04-12,802,90.44,93.5,87.38,91.41,1693
2021-04-13,803,143.51,151.98,135.04,151.36,4163
2021-04-14,804,76.93,82.51,71.35,75.34,1156
2021-04-15,805,101.28,105.33,97.23,104.58,3619
2021-04-16,806,121.11,123.2,119.02,119.52,3508
2021-04-17,807,142.57,149.4,135.74,148.6,356
2021-04-18,808,145.5,154.82,136.18,140.82,4794
2021-04-19,809,60.33,68.37,52.29,64.61,9412
2021-04-20,810,99.2,107.3,91.1,96.2,3375
2021-04-21,811,90.01,94.36,85.66,86.09,8272
2021-04-22,812,92.43,97.57,87.29,92.96,1401
2021-04-23,813,103.7,109.91,97.49,105.45,5852
2021-04-24,814,132.3,139.94,124.66,125.7,3349
2021-04-25,815,105.54,114.28,96.8,104.83,6458
2021-04-26,816,57.49,61.09,53.89,60.4,2001
2021-04-27,817,113.07,121.97,104.17,118.19,772
2021-04-28,818,64.56,65.64,63.48,63.79,5865
2021-04-29,819,95.07,101.77,88.37,101.55,4482
2021-04-30,820,132.15,141.67,122.63,134.74,6564
2021-05-01,821,135.96,143.63,128.29,136.01,409
2021-05-02,822,134.05,138.29,129.81,131.61,304
2021-05-03,823,83.87,93.08,74.66,77.89,5044
2021-05-04,824,98.42,98.87,97.97,98.49,4059
2021-05-05,825,52.91,61.02,44.8,55.38,942
2021-05-06,826,105.78,108.22,103.34,105.5,3148
2021-05-07,827,130.15,135.77,124.53,128.32,4371
2021-05-08,828,116.22,125.63,106.81,118.12,2022
2021-05-09,829,114.68,116.9,112.46,113.48,3781
2021-05-10,830,52.74,58.92,46.56,58.83,9586
2021-05-11,831,60.25,61.81,58.69,60.22,2279
2021-05-12,832,58.04,64.06,52.02,54.65,2970
2021-05-13,833,145.51,151.31,139.71,143.67,2340
2021-05-14,834,144.47,146.09,142.85,145.26,3141
2021-05-15,835,96.77,104.33,89.21,92.83,1958
2021-05-16,836,105.72,110.29,101.15,106.04,1933
2021-05-17,837,86.06,89.72,82.4,88.34,567
2021-05-18,838,144.33,148.19,140.47,141.75,9928
2021-05-19,839,87.83,96.82,78.84,92.01,2904
2021-05-20,840,54.64,57.09,52.19,52.67,1476
2021-05-21,841,148.21,148.43,147.99,148.3,9096
2021-05-22,842,50.71,53.73,47.69,50.7,9344
2021-05-23,843,80.79,86.07,75.51,82.64,8592
2021-05-24,844,108.1,112.0,104.2,105.1,583
2021-05-25,845,147.1,152.98,141.22,143.16,9377
2021-05-26,846,126.92,127.38,126.46,127.15,2556
2021-05-27,847,62.16,62.27,62.05,62.2,8012
2021-05-28,848,113.53,116.64,110.42,114.2,6769
2021-05-29,849,68.92,76.34,61.5,68.66,2769
2021-05-30,850,147.27,155.02,139.52,145.91,3962
2021-05-31,851,130.91,132.2,129.62,130.42,8485
2021-06-01,852,104.74,112.25,97.23,110.38,3696
2021-06-02,853,59.46,61.9,57.02,60.2,5483
2021-06-03,854,146.73,153.62,139.84,142.71,5720
2021-06-04,855,122.24,126.43,118.05,125.25,8045
2021-06-05,856,113.2,116.36,110.04,113.79,2561
2021-06-06,857,83.39,85.78,81.0,82.89,8086
2021-06-07,858,135.36,144.61,126.11,128.71,924
2021-06-08,859,66.02,72.9,59.14,59.65,4937
2021-06-09,860,146.55,153.16,139.94,141.59,4121
2021-06-10,861,102.99,109.96,96.02,107.81,6907
2021-06-11,862,94.96,95.76,94.16,94.77,7196
2021-06-12,863,80.42,80.45,80.39,80.43,7023
2021-06-13,864,68.76,71.62,65.9,66.33,3917
2021-06-14,865,124.16,131.56,116.76,119.5,8997
2021-06-15,866,126.11,130.03,122.19,128.33,4621
2021-06-16,867,144.33,153.49,135.17,143.78,5597
2021-06-17,868,67.81,69.65,65.97,68.2,4862
2021-06-18,869,90.66,99.56,81.76,82.97,6789
2021-06-19,870,90.78,97.63,83.93,87.45,6329
2021-06-20,871,84.25,94.01,74.49,86.61,7653
2021-06-21,872,125.84,130.11,121.57,128.84,1382
2021-06-22,873,78.8,88.05,69.55,71.73,430
2021-06-23,874,113.02,113.25,112.79,112.96,4396
2021-06-24,875,114.56,123.14,105.98,106.03,5471
2021-06-25,876,92.44,97.88,87.0,96.88,7786
2021-06-26,877,90.42,97.2,83.64,95.92,5253
2021-06-27,878,144.27,149.37,139.17,147.47,5327
2021-06-28,879,88.77,96.55,80.99,81.72,1977
2021-06-29,880,120.18,128.21,112.15,119.4,8061
2021-06-30,881,70.89,79.51,62.27,71.53,8459
2021-07-01,882,78.8,83.95,73.65,83.3,6951
2021-07-02,883,78.15,85.76,70.54,85.14,4340
2021-07-03,884,116.71,123.6,109.82,115.89,5691
2021-07-04,885,64.62,68.4,60.84,61.05,4683
2021-07-05,886,134.58,136.43,132.73,134.39,3574
2021-07-06,887,98.77,105.02,92.52,95.48,1187
2021-07-07,888,76.08,85.68,66.48,72.38,2103
2021-07-08,889,60.39,64.13,56.65,61.38,6868
2021-07-09,890,104.11,108.81,99.41,103.86,4502
2021-07-10,891,147.37,150.86,143.88,150.1,1284
2021-07-11,892,105.92,115.91,95.93,102.39,2454
2021-07-12,893,84.42,85.12,83.72,84.04,2957
2021-07-13,894,71.92,74.13,69.71,69.82,8120
2021-07-14,895,58.82,60.77,56.87,60.52,660
2021-07-15,896,81.77,86.2,77.34,77.79,9112
2021-07-16,897,77.67,86.62,68.72,72.01,3685
2021-07-17,898,138.83,145.54,132.12,139.36,3701
2021-07-18,899,124.01,124.41,123.61,124.34,8736
2021-07-19,900,141.28,145.74,136.82,139.62,3973
2021-07-20,901,113.84,121.0,106.68,117.09,1513
2021-07-21,902,131.57,141.53,121.61,121.84,3274
2021-07-22,903,99.54,102.28,96.8,96.99,2525
2021-07-23,904,121.16,124.65,117.67,122.87,5401
2021-07-24,905,55.74,64.28,47.2,63.08,4904
2021-07-25,906,130.57,139.91,121.23,135.6,917
2021-07-26,907,78.23,85.07,71.39,75.67,6510
2021-07-27,908,53.57,57.89,49.25,56.04,3523
2021-07-28,909,100.86,102.13,99.59,102.09,2035
2021-07-29,910,79.53,84.72,74.34,81.19,4893
2021-07-30,911,124.86,131.19,118.53,118.73,7572
2021-07-31,912,105.56,106.68,104.44,104.59,5724
2021-08-01,913,62.76,63.89,61.63,63.81,1363
2021-08-02,914,104.99,108.32,101.66,107.21,8241
2021-08-03,915,62.28,66.82,57.74,60.01,9190
2021-08-04,916,78.67,85.82,71.52,84.98,1774
2021-08-05,917,59.72,62.9,56.54,58.32,8813
2021-08-06,918,120.42,128.22,112.62,122.72,1912
2021-08-07,919,136.92,141.89,131.95,140.45,4394
2021-08-08,920,137.9,145.89,129.91,133.44,1329
2021-08-09,921,107.98,112.51,103.45,108.63,6276
2021-08-10,922,130.4,138.49,122.31,138.21,614
2021-08-11,923,97.44,99.99,94.89,97.77,1991
2021-08-12,924,106.1,107.25,104.95,106.42,1554
2021-08-13,925,128.3,130.96,125.64,126.56,7153
2021-08-14,926,63.71,70.85,56.57,69.36,1883
2021-08-15,927,101.86,105.02,98.7,101.34,6851
2021-08-16,928,112.16,117.29,107.03,114.67,580
2021-08-17,929,82.41,91.77,73.05,87.85,8364
2021-08-18,930,92.73,102.46,83.0,100.4,5016
2021-08-19,931,122.26,126.79,117.73,121.53,3125
2021-08-20,932,56.61,62.18,51.04,58.88,5570
2021-08-21,933,54.01,59.17,48.85,51.09,1533
2021-08-22,934,82.8,92.21,73.39,77.68,9017
2021-08-23,935,82.74,91.21,74.27,82.76,7790
2021-08-24,936,124.68,130.04,119.32,120.65,5451
2021-08-25,937,56.44,63.03,49.85,58.44,2506
2021-08-26,938,72.92,74.4,71.44,71.54,9085
2021-08-27,939,96.76,97.9,95.62,97.68,1472
2021-08-28,940,62.68,70.93,54.43,55.34,7108
2021-08-29,941,107.56,110.42,104.7,110.33,7328
2021-08-30,942,100.77,108.21,93.33,107.55,3422
2021-08-31,943,78.17,82.03,74.31,79.59,6621
2021-09-01,944,71.38,74.2,68.56,74.19,323
2021-09-02,945,98.41,102.8,94.02,99.98,1608
2021-09-03,946,130.02,134.02,126.02,129.88,6032
2021-09-04,947,110.48,116.57,104.39,105.98,7269
2021-09-05,948,104.37,111.93,96.81,99.0,2997
2021-09-06,949,115.17,120.08,110.26,115.99,8766
2021-09-07,950,122.21,123.57,120.85,122.59,4160
2021-09-08,951,141.6,150.38,132.82,143.92,5694
2021-09-09,952,134.76,137.28,132.24,133.72,2288
2021-09-10,953,138.45,143.81,133.09,133.4,2633
2021-09-11,954,53.93,59.43,48.43,48.8,4437
2021-09-12,955,111.29,112.18,110.4,111.78,1115
2021-09-13,956,75.94,85.23,66.65,77.64,1612
2021-09-14,957,133.45,139.58,127.32,130.54,4894
2021-09-15,958,94.52,100.23,88.81,91.8,8569
2021-09-16,959,98.45,101.57,95.33,98.07,4245
2021-09-17,960,62.68,65.39,59.97,60.85,6630
2021-09-18,961,137.7,141.87,133.53,137.47,1180
2021-09-19,962,90.04,97.51,82.57,82.99,4899
2021-09-20,963,118.67,128.44,108.9,112.14,1627
2021-09-21,964,64.87,66.33,63.41,65.75,433
2021-09-22,965,131.46,134.14,128.78,131.2,410
2021-09-23,966,137.46,145.75,129.17,131.96,4001
2021-09-24,967,107.12,115.2,99.04,112.48,5304
2021-09-25,968,69.61,73.17,66.05,67.95,5408
2021-09-26,969,131.75,137.27,126.23,131.02,4133
2021-09-27,970,102.24,103.45,101.03,103.25,7993
2021-09-28,971,56.94,60.24,53.64,54.71,1706
2021-09-29,972,102.99,109.56,96.42,101.89,4234
2021-09-30,973,134.91,136.79,133.03,135.69,4744
2021-10-01,974,54.09,59.75,48.43,54.7,4465
2021-10-02,975,122.4,128.91,115.89,120.44,2999
2021-10-03,976,128.35,138.13,118.57,121.26,7063
2021-10-04,977,103.05,103.62,102.48,102.65,8527
2021-10-05,978,137.37,144.53,130.21,138.07,4430
2021-10-06,979,120.85,126.3,115.4,122.08,2941
2021-10-07,980,127.37,131.72,123.02,130.77,5124
2021-10-08,981,123.4,131.21,115.59,117.23,4558
2021-10-09,982,68.58,74.16,63.0,66.52,6879
2021-10-10,983,74.4,83.45,65.35,73.79,4759
2021-10-11,984,72.97,80.75,65.19,68.61,6042
2021-10-12,985,83.47,85.17,81.77,82.31,268
2021-10-13,986,95.44,103.09,87.79,91.89,5033
2021-10-14,987,99.87,106.34,93.4,99.16,3361
2021-10-15,988,50.43,57.83,43.03,54.88,1732
2021-10-16,989,144.34,153.3,135.38,149.85,9399
2021-10-17,990,145.14,152.54,137.74,146.04,7766
2021-10-18,991,126.55,134.64,118.46,125.85,9849
2021-10-19,992,103.44,106.98,99.9,104.27,7847
2021-10-20,993,145.39,155.08,135.7,139.87,1066
2021-10-21,994,145.9,155.65,136.15,142.32,7157
2021-10-22,995,68.17,76.2,60.14,72.17,1618
2021-10-23,996,89.4,97.87,80.93,84.04,6397
2021-10-24,997,128.04,128.9,127.18,128.09,5636
2021-10-25,998,123.48,130.76,116.2,118.2,2875
2021-10-26,999,138.46,144.05,132.87,139.54,3834
2021-10-27,1000,139.92,144.56,135.28,139.9,6960
2021-10-28,1001,66.54,71.59,61.49,65.93,5954
2021-10-29,1002,85.5,87.02,83.98,86.68,3476
2021-10-30,1003,50.04,54.94,45.14,50.7,9370
2021-10-31,1004,64.07,65.7,62.44,64.53,3948
2021-11-01,1005,86.72,90.09,83.35,83.35,616
2021-11-02,1006,148.8,153.31,144.29,151.34,9362
2021-11-03,1007,78.67,84.0,73.34,74.32,6412
2021-11-04,1008,97.52,98.0,97.04,97.84,2086
2021-11-05,1009,104.75,105.18,104.32,104.59,4212
2021-11-06,1010,102.49,103.9,101.08,103.75,8520
2021-11-07,1011,105.98,113.53,98.43,113.13,3022
2021-11-08,1012,127.43,128.64,126.22,128.2,6134
2021-11-09,1013,145.14,148.45,141.83,147.94,646
2021-11-10,1014,58.8,64.37,53.23,64.09,8280
2021-11-11,1015,64.09,73.44,54.74,59.59,2245
2021-11-12,1016,103.24,103.43,103.05,103.25,6140
2021-11-13,1017,102.99,111.59,94.39,103.81,4194
2021-11-14,1018,130.9,134.48,127.32,134.36,9764
2021-11-15,1019,85.27,93.06,77.48,79.92,8318
2021-11-16,1020,82.95,83.0,82.9,82.96,9544
2021-11-17,1021,66.12,73.97,58.27,61.54,3224
2021-11-18,1022,70.91,77.69,64.13,71.38,2759
2021-11-19,1023,117.03,123.63,110.43,114.02,989
2021-11-20,1024,103.2,108.88,97.52,103.19,5960
2021-11-21,1025,95.76,98.97,92.55,95.99,5745
2021-11-22,1026,104.01,109.51,98.51,100.57,5600
2021-11-23,1027,146.57,156.23,136.91,141.14,6055
2021-11-24,1028,136.72,138.24,135.2,137.73,773
2021-11-25,1029,103.05,108.58,97.52,98.2,4405
2021-11-26,1030,122.97,126.15,119.79,121.3,6914
2021-11-27,1031,139.62,147.81,131.43,136.32,9224
2021-11-28,1032,58.43,64.54,52.32,57.27,4385
2021-11-29,1033,88.34,94.16,82.52,89.68,595
2021-11-30,1034,69.52,69.88,69.16,69.78,4198
2021-12-01,1035,96.4,101.41,91.39,101.1,3157
2021-12-02,1036,88.85,89.31,88.39,89.14,6960
2021-12-03,1037,51.67,56.47,46.87,56.18,3289
2021-12-04,1038,121.25,125.23,117.27,118.84,8312
2021-12-05,1039,74.22,80.01,68.43,74.9,4697
2021-12-06,1040,64.87,71.11,58.63,62.45,9784
2021-12-07,1041,140.72,141.39,140.05,140.53,9826
2021-12-08,1042,92.46,100.76,84.16,96.01,6288
2021-12-09,1043,111.86,121.35,102.37,103.73,9343
2021-12-10,1044,141.83,147.44,136.22,137.27,5451
2021-12-11,1045,131.33,140.88,121.78,122.83,4492
2021-12-12,1046,100.87,101.66,100.08,101.12,3728
2021-12-13,1047,68.01,73.82,62.2,67.29,6082
2021-12-14,1048,111.45,116.57,106.33,106.67,698
2021-12-15,1049,107.08,109.39,104.77,106.01,7736
2021-12-16,1050,98.81,102.95,94.67,98.69,1919
2021-12-17,1051,94.55,101.12,87.98,97.94,3230
2021-12-18,1052,147.49,151.16,143.82,151.14,366
2021-12-19,1053,115.53,123.77,107.29,109.05,7841
2021-12-20,1054,63.58,70.36,56.8,64.91,3091
2021-12-21,1055,73.24,78.51,67.97,69.48,9063
2021-12-22,1056,70.72,79.07,62.37,75.41,9850
2021-12-23,1057,145.56,147.99,143.13,147.06,6555
2021-12-24,1058,68.85,72.82,64.88,66.05,6034
2021-12-25,1059,78.42,85.14,71.7,72.48,7596
2021-12-26,1060,74.47,83.26,65.68,71.34,6520
2021-12-27,1061,124.65,127.16,122.14,124.13,8432
2021-12-28,1062,52.0,55.5,48.5,51.18,7234
2021-12-29,1063,50.07,56.4,43.74,53.34,7088
2021-12-30,1064,71.55,77.65,65.45,67.33,9544
2021-12-31,1065,144.86,149.65,140.07,145.81,4313
2022-01-01,1066,138.29,142.71,133.87,140.7,2870
2022-01-02,1067,105.54,112.53,98.55,104.17,7580
2022-01-03,1068,119.3,126.55,112.05,121.93,8002
2022-01-04,1069,135.81,145.2,126.42,131.29,1222
2022-01-05,1070,126.99,133.03,120.95,122.87,2695
2022-01-06,1071,93.2,102.71,83.69,102.27,6566
2022-01-07,1072,122.69,130.3,115.08,115.49,2406
2022-01-08,1073,129.34,129.78,128.9,129.27,5267
2022-01-09,1074,117.63,126.25,109.01,122.54,2335
2022-01-10,1075,60.5,62.4,58.6,62.36,8629
2022-01-11,1076,114.25,123.35,105.15,119.37,1501
2022-01-12,1077,143.56,150.07,137.05,149.51,2829
2022-01-13,1078,114.71,122.51,106.91,113.18,3113
2022-01-14,1079,99.34,101.77,96.91,100.78,4664
2022-01-15,1080,56.88,57.2,56.56,57.07,3033
2022-01-16,1081,127.47,130.73,124.21,127.23,3593
2022-01-17,1082,90.99,98.91,83.07,93.38,5140
2022-01-18,1083,83.67,87.44,79.9,81.27,3006
2022-01-19,1084,88.2,92.55,83.85,88.28,8159
2022-01-20,1085,108.92,116.54,101.3,103.06,2774
2022-01-21,1086,82.14,86.38,77.9,83.92,3742
2022-01-22,1087,132.82,138.03,127.61,137.6,7674
2022-01-23,1088,102.35,106.89,97.81,102.45,7840
2022-01-24,1089,135.55,141.49,129.61,133.7,8232
2022-01-25,1090,59.5,68.08,50.92,52.01,8523
2022-01-26,1091,58.68,65.7,51.66,56.66,1313
2022-01-27,1092,86.62,94.67,78.57,79.16,1213
2022-01-28,1093,62.12,67.35,56.89,66.57,5420
2022-01-29,1094,147.3,152.79,141.81,148.22,3725
2022-01-30,1095,100.0,105.61,94.39,96.13,6858
2022-01-31,1096,103.39,109.47,97.31,102.61,666
2022-02-01,1097,117.62,118.88,116.36,117.62,9500
2022-02-02,1098,137.01,138.61,135.41,137.86,4295
2022-02-03,1099,86.55,95.17,77.93,90.23,800
2022-02-04,1100,109.2,117.69,100.71,108.92,6321
2022-02-05,1101,142.42,142.87,141.97,142.01,8002
2022-02-06,1102,97.79,103.8,91.78,98.49,7034
2022-02-07,1103,50.22,55.08,45.36,50.29,4524
2022-02-08,1104,70.47,70.61,70.33,70.57,7423
2022-02-09,1105,121.21,129.48,112.94,122.04,6493
2022-02-10,1106,144.96,151.63,138.29,140.81,5526
2022-02-11,1107,81.06,90.96,71.16,87.51,676
2022-02-12,1108,52.93,55.63,50.23,50.62,1779
2022-02-13,1109,138.55,142.02,135.08,138.06,1885
2022-02-14,1110,79.18,86.65,71.71,79.74,6539
2022-02-15,1111,136.32,144.26,128.38,133.06,7901
2022-02-16,1112,104.3,114.26,94.34,99.85,5651
2022-02-17,1113,62.51,70.88,54.14,64.62,5656
2022-02-18,1114,120.37,123.92,116.82,117.36,3533
2022-02-19,1115,133.75,137.66,129.84,133.05,5132
2022-02-20,1116,87.76,95.04,80.48,81.39,9967
2022-02-21,1117,62.03,66.11,57.95,63.37,527
2022-02-22,1118,133.67,136.86,130.48,136.1,7508
2022-02-23,1119,120.95,128.19,113.71,117.54,1625
2022-02-24,1120,141.33,143.45,139.21,139.71,9296
2022-02-25,1121,139.36,141.09,137.63,140.68,209
2022-02-26,1122,126.45,134.19,118.71,131.31,759
2022-02-27,1123,50.78,59.2,42.36,48.78,9318
2022-02-28,1124,110.38,112.11,108.65,110.47,4156
2022-03-01,1125,99.44,108.41,90.47,96.81,5426
2022-03-02,1126,132.55,136.96,128.14,130.1,907
2022-03-03,1127,81.14,85.94,76.34,80.5,553
2022-03-04,1128,73.17,79.22,67.12,71.64,5617
2022-03-05,1129,80.33,82.32,78.34,81.71,9502
2022-03-06,1130,68.94,73.77,64.11,73.01,4565
2022-03-07,1131,133.69,134.1,133.28,133.8,4676
2022-03-08,1132,81.4,82.15,80.65,82.04,2215
2022-03-09,1133,91.2,99.14,83.26,97.88,7273
2022-03-10,1134,95.72,98.96,92.48,98.82,7245
2022-03-11,1135,55.67,61.46,49.88,53.49,9512
2022-03-12,1136,141.15,148.95,133.35,138.97,4983
2022-03-13,1137,55.61,59.22,52.0,52.1,1692
2022-03-14,1138,146.42,149.34,143.5,143.83,2780
2022-03-15,1139,124.91,125.67,124.15,124.93,3795
2022-03-16,1140,88.83,93.76,83.9,89.71,5953
2022-03-17,1141,101.99,110.33,93.65,100.71,4416
2022-03-18,1142,130.23,139.11,121.35,139.03,7355
2022-03-19,1143,87.8,93.41,82.19,91.84,7787
2022-03-20,1144,79.19,82.19,76.19,81.45,7767
2022-03-21,1145,81.01,90.26,71.76,74.11,3229
2022-03-22,1146,85.13,91.4,78.86,88.73,1690
2022-03-23,1147,53.92,60.91,46.93,50.96,9345
2022-03-24,1148,92.73,98.69,86.77,95.38,1115
2022-03-25,1149,94.53,100.51,88.55,93.82,4471
2022-03-26,1150,62.36,67.07,57.65,60.72,3901
2022-03-27,1151,56.08,56.76,55.4,55.63,2950
2022-03-28,1152,91.78,92.52,91.04,91.56,6734
2022-03-29,1153,113.34,122.47,104.21,105.37,6880
2022-03-30,1154,74.04,81.04,67.04,74.49,731
2022-03-31,1155,135.91,137.21,134.61,135.04,544
2022-04-01,1156,127.61,129.33,125.89,127.85,1899
2022-04-02,1157,75.68,78.24,73.12,78.01,2101
2022-04-03,1158,124.25,129.44,119.06,122.85,9207
2022-04-04,1159,90.89,93.05,88.73,90.98,4618
2022-04-05,1160,95.38,99.29,91.47,94.6,8538
2022-04-06,1161,104.48,105.2,103.76,104.45,813
2022-04-07,1162,99.31,100.24,98.38,99.01,2257
2022-04-08,1163,77.96,83.26,72.66,73.3,7540
2022-04-09,1164,108.29,112.95,103.63,112.92,8428
2022-04-10,1165,99.06,106.36,91.76,103.85,3680
2022-04-11,1166,55.9,56.63,55.17,56.41,7230
2022-04-12,1167,102.74,111.3,94.18,100.37,3476
2022-04-13,1168,57.35,61.42,53.28,58.96,251
2022-04-14,1169,101.63,111.07,92.19,103.35,3480
2022-04-15,1170,95.77,104.01,87.53,95.23,908
2022-04-16,1171,134.28,140.63,127.93,129.11,9709
2022-04-17,1172,138.01,145.79,130.23,140.32,9957
2022-04-18,1173,59.4,65.89,52.91,62.68,2386
2022-04-19,1174,109.17,112.18,106.16,106.29,7550
2022-04-20,1175,66.98,76.28,57.68,70.93,5395
2022-04-21,1176,125.72,134.56,116.88,120.01,4057
2022-04-22,1177,130.15,130.76,129.54,130.07,8473
2022-04-23,1178,133.44,137.65,129.23,131.28,5825
2022-04-24,1179,58.4,66.73,50.07,53.73,1569
2022-04-25,1180,115.22,122.85,107.59,115.6,1586
2022-04-26,1181,138.2,139.92,136.48,138.26,8293
2022-04-27,1182,111.23,114.06,108.4,109.87,3009
2022-04-28,1183,54.08,56.81,51.35,53.17,6658
2022-04-29,1184,99.74,104.66,94.82,103.65,6083
2022-04-30,1185,122.82,130.89,114.75,121.16,5988
2022-05-01,1186,117.38,120.81,113.95,115.83,4875
2022-05-02,1187,121.98,131.04,112.92,113.54,9216
2022-05-03,1188,72.59,76.46,68.72,74.46,6930
2022-05-04,1189,148.94,149.89,147.99,149.19,8276
2022-05-05,1190,84.14,84.81,83.47,84.79,8646
2022-05-06,1191,79.22,82.49,75.95,76.9,2720
2022-05-07,1192,113.75,121.39,106.11,109.07,3700
2022-05-08,1193,53.43,57.68,49.18,56.54,2628
2022-05-09,1194,128.74,133.78,123.7,127.51,262
2022-05-10,1195,77.72,84.96,70.48,75.76,1792
2022-05-11,1196,53.9,56.94,50.86,54.83,5336
2022-05-12,1197,89.15,94.86,83.44,86.65,8260
2022-05-13,1198,88.64,88.83,88.45,88.46,8456
2022-05-14,1199,59.46,63.64,55.28,63.07,8886
2022-05-15,1200,138.31,147.59,129.03,135.08,3095
2022-05-16,1201,147.06,150.89,143.23,143.64,9732
2022-05-17,1202,94.97,95.04,94.9,94.99,4851
2022-05-18,1203,74.22,75.98,72.46,74.29,1276
2022-05-19,1204,68.95,69.82,68.08,68.54,9143
2022-05-20,1205,131.33,132.09,130.57,130.85,6629
2022-05-21,1206,145.0,152.88,137.12,141.27,9856
2022-05-22,1207,78.74,80.02,77.46,77.87,7392
2022-05-23,1208,131.91,138.05,125.77,134.81,8405
2022-05-24,1209,53.03,61.01,45.05,50.44,914
2022-05-25,1210,53.04,61.32,44.76,52.5,3138
2022-05-26,1211,126.55,128.66,124.44,124.79,187
2022-05-27,1212,136.77,142.55,130.99,135.1,2890
2022-05-28,1213,126.01,130.84,121.18,126.53,4990
2022-05-29,1214,87.95,97.62,78.28,83.72,973
2022-05-30,1215,59.94,61.36,58.52,60.38,7551
2022-05-31,1216,124.6,131.39,117.81,128.96,6035
2022-06-01,1217,98.12,104.73,91.51,97.91,9030
2022-06-02,1218,136.68,137.42,135.94,137.38,8851
2022-06-03,1219,140.94,142.02,139.86,141.06,1139
2022-06-04,1220,113.86,118.34,109.38,112.71,1561
2022-06-05,1221,52.21,57.68,46.74,47.64,1189
2022-06-06,1222,130.39,134.15,126.63,133.17,6926
2022-06-07,1223,91.31,92.89,89.73,91.02,8918
2022-06-08,1224,71.13,78.77,63.49,65.16,1634
2022-06-09,1225,120.77,123.41,118.13,120.19,8928
2022-06-10,1226,127.57,131.74,123.4,124.49,549
2022-06-11,1227,118.4,121.49,115.31,115.36,8153
2022-06-12,1228,66.07,71.67,60.47,64.83,1048
2022-06-13,1229,87.18,91.18,83.18,89.37,1869
2022-06-14,1230,133.63,134.11,133.15,133.33,6932
2022-06-15,1231,116.77,117.17,116.37,116.91,8048
2022-06-16,1232,101.21,107.87,94.55,102.53,5376
2022-06-17,1233,143.54,145.16,141.92,142.02,9039
2022-06-18,1234,102.59,107.42,97.76,105.26,7714
2022-06-19,1235,118.91,123.54,114.28,114.48,5049
2022-06-20,1236,89.03,95.14,82.92,89.71,5754
2022-06-21,1237,133.05,142.26,123.84,134.78,7397
2022-06-22,1238,86.96,96.76,77.16,94.27,5942
2022-06-23,1239,80.5,89.22,71.78,73.51,3845
2022-06-24,1240,149.84,157.26,142.42,146.08,2596
2022-06-25,1241,50.48,51.89,49.07,50.4,7226
2022-06-26,1242,118.67,127.91,109.43,119.8,3289
2022-06-27,1243,142.9,150.72,135.08,138.99,1544
2022-06-28,1244,117.69,121.5,113.88,116.61,700
2022-06-29,1245,128.53,137.61,119.45,129.49,2634
2022-06-30,1246,73.6,80.23,66.97,67.44,8296
2022-07-01,1247,139.81,147.28,132.34,137.73,6956
2022-07-02,1248,58.54,61.81,55.27,56.66,8463
2022-07-03,1249,114.66,117.23,112.09,112.13,6159
2022-07-04,1250,92.37,95.52,89.22,92.74,771
2022-07-05,1251,52.9,58.33,47.47,55.55,1650
2022-07-06,1252,100.62,109.83,91.41,102.62,4726
2022-07-07,1253,86.3,94.42,78.18,82.08,524
2022-07-08,1254,109.54,116.38,102.7,103.24,1033
2022-07-09,1255,103.54,110.78,96.3,109.77,3878
2022-07-10,1256,141.33,144.33,138.33,140.97,7183
2022-07-11,1257,110.46,118.64,102.28,113.72,6117
2022-07-12,1258,132.06,135.84,128.28,134.74,8574
2022-07-13,1259,144.2,146.0,142.4,144.39,5169
2022-07-14,1260,120.05,125.75,114.35,121.76,7902
2022-07-15,1261,90.5,94.15,86.85,93.82,5175
2022-07-16,1262,86.43,95.01,77.85,80.5,1768
2022-07-17,1263,103.79,107.62,99.96,103.63,6767
2022-07-18,1264,143.12,143.46,142.78,143.25,1072
2022-07-19,1265,81.11,81.69,80.53,80.77,7996
2022-07-20,1266,143.55,151.5,135.6,146.65,4320
2022-07-21,1267,123.7,129.21,118.19,120.25,7363
2022-07-22,1268,110.96,115.36,106.56,111.49,4998
2022-07-23,1269,115.1,119.46,110.74,117.58,2152
2022-07-24,1270,69.34,69.57,69.11,69.16,2405
2022-07-25,1271,95.6,104.67,86.53,95.78,4684
2022-07-26,1272,66.1,71.2,61.0,65.57,3454
2022-07-27,1273,143.19,152.96,133.42,145.51,2824
2022-07-28,1274,65.84,68.41,63.27,67.15,9312
2022-07-29,1275,100.65,109.89,91.41,100.22,6963
2022-07-30,1276,67.28,73.14,61.42,69.93,7754
2022-07-31,1277,53.96,54.57,53.35,53.65,6417
2022-08-01,1278,131.29,140.94,121.64,126.51,4810
2022-08-02,1279,77.44,80.79,74.09,76.14,3524
2022-08-03,1280,142.54,148.61,136.47,140.64,5718
2022-08-04,1281,149.37,150.36,148.38,148.92,3877
2022-08-05,1282,118.56,123.75,113.37,123.32,590
2022-08-06,1283,93.77,100.42,87.12,94.87,5626
2022-08-07,1284,79.2,82.33,76.07,76.94,6389
2022-08-08,1285,100.0,100.56,99.44,99.52,1808
2022-08-09,1286,112.93,122.01,103.85,105.66,5818
2022-08-10,1287,114.53,124.12,104.94,112.87,2967
2022-08-11,1288,76.73,76.83,76.63,76.63,408
2022-08-12,1289,131.95,133.37,130.53,131.17,4641
2022-08-13,1290,56.77,60.22,53.32,54.3,5098
2022-08-14,1291,103.2,112.72,93.68,111.87,8562
2022-08-15,1292,86.4,92.16,80.64,84.42,3968
2022-08-16,1293,101.16,108.04,94.28,94.76,4521
2022-08-17,1294,113.42,120.9,105.94,117.02,7910
2022-08-18,1295,74.15,75.26,73.04,73.88,9974
2022-08-19,1296,90.3,94.35,86.25,86.84,6817
2022-08-20,1297,141.13,145.03,137.23,140.53,2829
2022-08-21,1298,77.19,77.37,77.01,77.26,4655
2022-08-22,1299,145.76,146.98,144.54,146.71,3187
2022-08-23,1300,71.68,78.93,64.43,67.89,2409
2022-08-24,1301,140.1,150.04,130.16,133.11,8899
2022-08-25,1302,70.63,73.4,67.86,72.08,3112
2022-08-26,1303,59.05,60.24,57.86,59.14,9068
2022-08-27,1304,61.96,65.91,58.01,59.43,4373
2022-08-28,1305,93.47,98.23,88.71,93.78,636
2022-08-29,1306,135.1,139.24,130.96,131.86,3953
2022-08-30,1307,129.32,136.25,122.39,134.0,9184
2022-08-31,1308,82.05,87.68,76.42,77.06,6340
2022-09-01,1309,115.27,119.17,111.37,111.97,5703
2022-09-02,1310,91.42,95.32,87.52,88.04,6094
2022-09-03,1311,138.84,141.81,135.87,138.4,1444
2022-09-04,1312,121.63,128.3,114.96,127.65,235
2022-09-05,1313,62.13,67.96,56.3,57.91,2336
2022-09-06,1314,128.92,131.76,126.08,129.75,2893
2022-09-07,1315,146.13,151.69,140.57,143.48,9423
2022-09-08,1316,134.52,142.73,126.31,135.1,1880
2022-09-09,1317,106.79,107.05,106.53,106.7,8481
2022-09-10,1318,64.97,71.83,58.11,66.08,6949
2022-09-11,1319,52.56,53.13,51.99,52.81,1282
2022-09-12,1320,71.0,73.17,68.83,69.92,4048
2022-09-13,1321,62.83,70.37,55.29,61.58,8911
2022-09-14,1322,106.07,110.67,101.47,104.91,5889
2022-09-15,1323,142.45,151.55,133.35,147.01,4699
2022-09-16,1324,102.66,107.52,97.8,103.08,7147
2022-09-17,1325,88.81,91.02,86.6,87.17,7171
2022-09-18,1326,113.06,113.14,112.98,113.14,7545
2022-09-19,1327,112.07,114.54,109.6,113.37,2023
2022-09-20,1328,124.44,131.02,117.86,128.98,7053
2022-09-21,1329,129.4,139.04,119.76,127.25,6455
2022-09-22,1330,78.62,85.69,71.55,77.94,7649
2022-09-23,1331,103.05,110.18,95.92,99.76,5980
2022-09-24,1332,111.07,117.07,105.07,111.05,4234
2022-09-25,1333,100.86,110.81,90.91,91.1,612
2022-09-26,1334,79.49,82.7,76.28,79.83,5269
2022-09-27,1335,113.45,119.53,107.37,114.39,6055
2022-09-28,1336,143.13,144.09,142.17,143.4,946
2022-09-29,1337,50.6,57.42,43.78,55.05,3746
2022-09-30,1338,148.97,149.21,148.73,148.84,4226
2022-10-01,1339,97.1,101.08,93.12,96.31,5137
2022-10-02,1340,97.68,103.63,91.73,93.41,2563
2022-10-03,1341,93.2,101.43,84.97,91.88,1644
2022-10-04,1342,112.13,120.32,103.94,111.8,1967
2022-10-05,1343,66.24,69.93,62.55,66.17,7611
2022-10-06,1344,102.06,110.06,94.06,106.38,3003
2022-10-07,1345,142.91,143.75,142.07,142.71,6308
2022-10-08,1346,129.64,137.05,122.23,133.9,6572
2022-10-09,1347,98.25,105.52,90.98,103.14,3678
2022-10-10,1348,60.3,69.05,51.55,61.39,9891
2022-10-11,1349,92.53,101.79,83.27,84.86,1357
2022-10-12,1350,105.66,110.42,100.9,110.1,3263
2022-10-13,1351,135.53,142.52,128.54,135.16,4873
2022-10-14,1352,123.93,125.94,121.92,122.62,2202
2022-10-15,1353,69.65,77.41,61.89,73.69,423
2022-10-16,1354,128.06,137.75,118.37,118.69,3266
2022-10-17,1355,116.03,122.07,109.99,111.18,5751
2022-10-18,1356,129.8,134.05,125.55,129.01,5452
2022-10-19,1357,102.36,102.76,101.96,102.22,5440
2022-10-20,1358,74.56,75.19,73.93,74.56,828
2022-10-21,1359,115.62,124.88,106.36,107.59,4131
2022-10-22,1360,106.29,109.17,103.41,104.1,8851
2022-10-23,1361,140.15,142.72,137.58,137.92,2058
2022-10-24,1362,63.47,65.49,61.45,65.08,7007
2022-10-25,1363,121.35,124.11,118.59,122.5,5582
2022-10-26,1364,87.68,87.68,87.68,87.68,1480
2022-10-27,1365,141.47,143.09,139.85,140.54,2614
2022-10-28,1366,135.88,143.66,128.1,141.78,7122
2022-10-29,1367,69.91,76.55,63.27,64.7,7481
2022-10-30,1368,103.48,109.71,97.25,104.67,4532
2022-10-31,1369,127.67,130.87,124.47,125.6,7438
2022-11-01,1370,102.33,106.38,98.28,103.03,4435
2022-11-02,1371,72.4,73.9,70.9,72.63,8755
2022-11-03,1372,112.9,117.89,107.91,110.36,630
2022-11-04,1373,119.29,121.34,117.24,121.22,9834
2022-11-05,1374,52.44,61.27,43.61,47.72,4857
2022-11-06,1375,66.33,75.34,57.32,60.47,1979
2022-11-07,1376,115.54,123.56,107.52,111.11,6407
2022-11-08,1377,99.45,109.21,89.69,90.82,2840
2022-11-09,1378,70.87,77.83,63.91,68.08,9869
2022-11-10,1379,80.37,84.82,75.92,76.79,4064
2022-11-11,1380,139.89,143.81,135.97,142.15,2784
2022-11-12,1381,96.29,102.61,89.97,94.71,4765
2022-11-13,1382,115.31,122.16,108.46,110.27,9739
2022-11-14,1383,77.51,82.02,73.0,79.8,5304
2022-11-15,1384,79.2,83.51,74.89,76.22,4448
2022-11-16,1385,95.33,98.56,92.1,94.21,116
2022-11-17,1386,77.33,83.87,70.79,74.45,7150
2022-11-18,1387,123.83,126.85,120.81,122.68,9886
2022-11-19,1388,68.8,75.09,62.51,67.0,4595
2022-11-20,1389,57.1,66.66,47.54,48.55,7224
2022-11-21,1390,112.52,117.75,107.29,116.81,1664
2022-11-22,1391,108.74,112.76,104.72,107.31,5005
2022-11-23,1392,120.69,124.92,116.46,119.52,7187
2022-11-24,1393,90.44,94.11,86.77,90.17,9558
2022-11-25,1394,116.98,121.23,112.73,113.91,2636
2022-11-26,1395,82.47,92.41,72.53,80.65,7082
2022-11-27,1396,58.12,61.27,54.97,56.23,6104
2022-11-28,1397,86.15,88.7,83.6,86.96,7155
2022-11-29,1398,135.48,140.53,130.43,140.27,7681
2022-11-30,1399,77.84,82.31,73.37,80.76,6165
2022-12-01,1400,69.87,72.41,67.33,70.84,5716
2022-12-02,1401,97.17,101.1,93.24,99.63,2273
2022-12-03,1402,86.56,93.79,79.33,93.0,6413
2022-12-04,1403,120.44,120.8,120.08,120.53,6474
2022-12-05,1404,62.66,67.13,58.19,60.7,1667
2022-12-06,1405,77.52,85.84,69.2,78.98,1498
2022-12-07,1406,109.08,110.43,107.73,109.79,3664
2022-12-08,1407,59.98,67.45,52.51,65.47,7077
2022-12-09,1408,90.61,95.03,86.19,93.94,585
2022-12-10,1409,86.71,91.14,82.28,82.32,8573
2022-12-11,1410,121.01,125.33,116.69,122.37,1823
2022-12-12,1411,55.37,63.26,47.48,49.7,7607
2022-12-13,1412,121.16,124.01,118.31,123.41,4666
2022-12-14,1413,139.47,144.29,134.65,144.16,9709
2022-12-15,1414,136.01,145.52,126.5,136.67,3865
2022-12-16,1415,59.61,59.94,59.28,59.86,5632
2022-12-17,1416,113.59,122.24,104.94,118.18,4116
2022-12-18,1417,54.7,63.73,45.67,47.73,8675
2022-12-19,1418,90.38,90.52,90.24,90.39,8066
2022-12-20,1419,127.17,130.74,123.6,124.63,1488
2022-12-21,1420,98.39,102.5,94.28,99.72,1753
2022-12-22,1421,118.02,123.85,112.19,122.21,6494
2022-12-23,1422,101.75,106.71,96.79,101.82,797
2022-12-24,1423,106.37,114.21,98.53,111.56,8739
2022-12-25,1424,69.17,77.27,61.07,69.17,2254
2022-12-26,1425,79.56,88.04,71.08,84.2,2296
2022-12-27,1426,95.97,103.43,88.51,92.2,1168
2022-12-28,1427,84.13,88.66,79.6,86.8,3846
2022-12-29,1428,75.24,81.14,69.34,78.12,8126
2022-12-30,1429,124.59,134.2,114.98,115.67,4439
2022-12-31,1430,62.42,70.16,54.68,69.69,5144
2023-01-01,1431,69.53,72.92,66.14,68.21,3202
2023-01-02,1432,66.78,75.83,57.73,74.79,4827
2023-01-03,1433,114.65,115.34,113.96,114.54,7496
2023-01-04,1434,109.53,111.6,107.46,108.75,5145
2023-01-05,1435,82.79,90.48,75.1,87.94,184
2023-01-06,1436,106.14,107.01,105.27,105.47,3286
2023-01-07,1437,94.88,102.77,86.99,93.51,6652
2023-01-08,1438,80.18,81.45,78.91,80.26,3153
2023-01-09,1439,128.1,133.8,122.4,127.14,3347
2023-01-10,1440,115.19,122.45,107.93,113.08,3137
2023-01-11,1441,146.1,154.65,137.55,151.87,6908
2023-01-12,1442,149.25,152.62,145.88,149.25,4084
2023-01-13,1443,137.17,140.86,133.48,138.66,9129
2023-01-14,1444,130.02,130.65,129.39,130.04,6684
2023-01-15,1445,72.45,80.17,64.73,73.26,6008
2023-01-16,1446,107.1,110.87,103.33,108.79,2057
2023-01-17,1447,136.71,142.45,130.97,138.42,3058
2023-01-18,1448,71.72,81.07,62.37,73.09,9241
2023-01-19,1449,74.29,80.32,68.26,70.52,3972
2023-01-20,1450,128.63,135.13,122.13,128.94,3806
2023-01-21,1451,84.46,85.25,83.67,84.49,4392
2023-01-22,1452,76.93,85.69,68.17,75.31,6122
2023-01-23,1453,144.11,144.99,143.23,144.92,9227
2023-01-24,1454,78.69,78.92,78.46,78.76,8720
2023-01-25,1455,102.94,107.5,98.38,103.19,5075
2023-01-26,1456,56.85,62.61,51.09,59.02,883
2023-01-27,1457,116.99,125.87,108.11,117.16,8247
2023-01-28,1458,53.79,54.08,53.5,53.99,933
2023-01-29,1459,53.53,61.88,45.18,51.46,1719
2023-01-30,1460,102.19,102.78,101.6,101.91,9579
2023-01-31,1461,120.78,124.1,117.46,119.11,4220
2023-02-01,1462,144.08,148.59,139.57,148.14,8912
2023-02-02,1463,58.11,59.99,56.23,58.37,8612
2023-02-03,1464,86.22,87.11,85.33,85.65,2404
2023-02-04,1465,102.67,104.24,101.1,102.1,1184
2023-02-05,1466,145.47,153.92,137.02,146.27,7992
2023-02-06,1467,96.78,97.06,96.5,96.55,6494
2023-02-07,1468,144.92,146.04,143.8,145.91,7293
2023-02-08,1469,76.18,76.22,76.14,76.17,4454
2023-02-09,1470,79.43,83.57,75.29,77.54,6047
2023-02-10,1471,125.06,131.65,118.47,120.84,9964
2023-02-11,1472,62.73,68.67,56.79,62.08,9343
2023-02-12,1473,96.35,100.4,92.3,93.34,6044
2023-02-13,1474,113.42,117.89,108.95,113.11,1610
2023-02-14,1475,61.6,71.19,52.01,69.12,1948
2023-02-15,1476,96.1,100.67,91.53,93.42,9742
2023-02-16,1477,110.57,119.6,101.54,102.4,107
2023-02-17,1478,101.86,108.96,94.76,96.59,8785
2023-02-18,1479,112.12,119.93,104.31,106.04,4813
2023-02-19,1480,126.74,133.43,120.05,125.93,962
2023-02-20,1481,85.24,88.25,82.23,87.53,2866
2023-02-21,1482,55.75,55.94,55.56,55.9,1467
2023-02-22,1483,84.5,93.5,75.5,87.08,8492
2023-02-23,1484,59.74,69.48,50.0,52.42,2160
2023-02-24,1485,97.72,99.25,96.19,96.46,4937
2023-02-25,1486,79.95,81.88,78.02,81.16,1154
2023-02-26,1487,65.08,68.73,61.43,64.51,588
2023-02-27,1488,116.43,125.6,107.26,120.94,3930
2023-02-28,1489,97.45,102.5,92.4,97.92,758
2023-03-01,1490,73.79,80.92,66.66,76.35,239
2023-03-02,1491,120.23,126.98,113.48,126.85,5459
2023-03-03,1492,121.26,128.5,114.02,127.56,5395
2023-03-04,1493,82.73,85.48,79.98,82.24,754
2023-03-05,1494,67.2,74.57,59.83,64.53,6976
2023-03-06,1495,134.47,143.97,124.97,127.9,6412
2023-03-07,1496,110.28,112.06,108.5,108.64,116
2023-03-08,1497,145.23,146.89,143.57,144.59,2057
2023-03-09,1498,104.08,112.86,95.3,100.71,4796
2023-03-10,1499,145.2,150.08,140.32,147.24,3892
2023-03-11,1500,105.93,113.3,98.56,106.09,3100
2023-03-12,1501,67.54,77.38,57.7,69.74,7373
2023-03-13,1502,114.68,118.64,110.72,117.36,4336
2023-03-14,1503,97.2,104.13,90.27,102.83,8623
2023-03-15,1504,114.68,123.06,106.3,110.11,8148
2023-03-16,1505,71.93,80.52,63.34,75.86,4324
2023-03-17,1506,144.86,151.74,137.98,145.22,8459
2023-03-18,1507,72.42,75.3,69.54,71.82,3972
2023-03-19,1508,71.25,78.74,63.76,68.18,507
2023-03-20,1509,74.87,81.35,68.39,74.26,1288
2023-03-21,1510,78.81,86.57,71.05,76.08,6892
2023-03-22,1511,110.58,117.3,103.86,111.77,2992
2023-03-23,1512,78.13,82.59,73.67,82.06,9956
2023-03-24,1513,106.33,115.56,97.1,103.54,9768
2023-03-25,1514,63.84,69.15,58.53,59.67,5923
2023-03-26,1515,71.88,78.89,64.87,73.1,9847
2023-03-27,1516,95.87,104.36,87.38,100.32,2591
2023-03-28,1517,53.87,61.12,46.62,46.89,9940
2023-03-29,1518,121.45,123.62,119.28,121.63,8536
2023-03-30,1519,143.02,151.88,134.16,135.1,7820
2023-03-31,1520,129.86,135.09,124.63,126.8,7133
2023-04-01,1521,138.05,141.45,134.65,140.54,1845
2023-04-02,1522,56.59,58.92,54.26,57.01,3071
2023-04-03,1523,142.37,147.96,136.78,137.52,2199
2023-04-04,1524,132.73,136.65,128.81,134.19,1317
2023-04-05,1525,95.76,103.71,87.81,96.65,777
2023-04-06,1526,149.74,156.85,142.63,151.77,4995
2023-04-07,1527,130.59,135.22,125.96,128.09,7281
2023-04-08,1528,140.23,144.76,135.7,143.22,4131
2023-04-09,1529,119.91,126.33,113.49,118.42,9892
2023-04-10,1530,97.12,102.55,91.69,95.51,1046
2023-04-11,1531,92.3,95.81,88.79,93.12,6001
2023-04-12,1532,139.64,147.44,131.84,132.89,2693
2023-04-13,1533,88.27,95.3,81.24,89.76,890
2023-04-14,1534,133.65,139.64,127.66,132.58,3751
2023-04-15,1535,58.8,65.61,51.99,53.8,3654
2023-04-16,1536,112.95,120.53,105.37,107.64,7510
2023-04-17,1537,62.95,67.31,58.59,64.18,8220
2023-04-18,1538,134.75,138.72,130.78,133.48,2421
2023-04-19,1539,114.23,121.52,106.94,121.09,7116
2023-04-20,1540,64.76,67.17,62.35,65.0,6355
2023-04-21,1541,133.12,141.17,125.07,127.77,3565
2023-04-22,1542,124.57,126.72,122.42,123.34,7117
2023-04-23,1543,64.77,74.01,55.53,57.12,5361
2023-04-24,1544,107.71,112.17,103.25,109.33,1203
2023-04-25,1545,99.49,104.32,94.66,103.48,3474
2023-04-26,1546,132.7,135.18,130.22,133.71,7416
2023-04-27,1547,146.55,148.29,144.81,147.66,6589
2023-04-28,1548,121.73,125.87,117.59,118.78,6559
2023-04-29,1549,77.48,83.37,71.59,72.97,513
2023-04-30,1550,122.05,130.65,113.45,114.57,3912
2023-05-01,1551,56.4,58.87,53.93,54.73,5483
2023-05-02,1552,85.82,91.91,79.73,80.19,8763
2023-05-03,1553,119.87,127.8,111.94,123.4,9169
2023-05-04,1554,119.96,122.16,117.76,118.8,2286
2023-05-05,1555,121.37,126.31,116.43,124.27,5391
2023-05-06,1556,84.52,86.22,82.82,83.82,2531
2023-05-07,1557,102.37,104.26,100.48,101.24,4841
2023-05-08,1558,125.88,133.21,118.55,130.98,7360
2023-05-09,1559,148.38,154.87,141.89,151.97,8409
2023-05-10,1560,61.2,70.15,52.25,61.14,8951
2023-05-11,1561,53.74,61.43,46.05,50.83,7106
2023-05-12,1562,110.97,112.13,109.81,110.96,1475
2023-05-13,1563,85.34,95.05,75.63,90.14,2253
2023-05-14,1564,140.54,147.8,133.28,147.55,7852
2023-05-15,1565,100.0,108.31,91.69,93.92,8129
2023-05-16,1566,100.41,103.45,97.37,100.52,9447
2023-05-17,1567,111.01,118.24,103.78,114.91,1317
2023-05-18,1568,140.28,144.38,136.18,138.26,8777
2023-05-19,1569,51.87,52.85,50.89,52.42,9222
2023-05-20,1570,79.07,79.17,78.97,79.06,2529
2023-05-21,1571,93.96,97.07,90.85,91.25,6822
2023-05-22,1572,142.96,143.29,142.63,143.13,4955
2023-05-23,1573,97.6,106.15,89.05,94.14,8936
2023-05-24,1574,75.59,78.69,72.49,76.95,5591
2023-05-25,1575,109.31,109.93,108.69,109.7,8733
2023-05-26,1576,82.54,83.56,81.52,82.33,404
2023-05-27,1577,75.81,76.26,75.36,75.59,8450
2023-05-28,1578,103.11,105.81,100.41,105.08,2570
2023-05-29,1579,101.4,105.52,97.28,98.19,8240
2023-05-30,1580,124.14,131.7,116.58,123.47,9791
2023-05-31,1581,120.69,123.3,118.08,122.44,7541
2023-06-01,1582,130.91,140.18,121.64,139.28,6248
2023-06-02,1583,69.02,71.63,66.41,70.32,6305
2023-06-03,1584,75.33,81.95,68.71,70.25,1125
2023-06-04,1585,128.49,131.9,125.08,130.26,4364
2023-06-05,1586,56.57,64.48,48.66,61.82,4026
2023-06-06,1587,95.6,103.68,87.52,97.43,1983
2023-06-07,1588,73.15,79.22,67.08,70.71,7281
2023-06-08,1589,126.26,133.87,118.65,124.61,872
2023-06-09,1590,139.02,147.91,130.13,134.83,9729
2023-06-10,1591,95.92,96.78,95.06,95.76,3364
2023-06-11,1592,131.67,139.98,123.36,135.16,6703
2023-06-12,1593,112.97,122.32,103.62,113.96,5498
2023-06-13,1594,126.42,129.19,123.65,128.94,5891
2023-06-14,1595,142.15,148.65,135.65,143.36,7400
2023-06-15,1596,119.35,121.6,117.1,119.69,5487
2023-06-16,1597,76.86,83.45,70.27,80.53,3027
2023-06-17,1598,64.81,71.1,58.52,67.08,2639
2023-06-18,1599,134.61,139.89,129.33,137.27,9209
2023-06-19,1600,137.03,137.91,136.15,136.86,6224
2023-06-20,1601,89.38,95.33,83.43,93.61,9141
2023-06-21,1602,118.28,124.44,112.12,119.8,8281
2023-06-22,1603,87.09,94.36,79.82,86.45,2402
2023-06-23,1604,133.76,143.64,123.88,124.32,6184
2023-06-24,1605,148.95,155.46,142.44,153.71,2811
2023-06-25,1606,63.38,73.13,53.63,53.81,6600
2023-06-26,1607,74.39,78.25,70.53,74.69,6393
2023-06-27,1608,133.82,142.8,124.84,137.25,9055
2023-06-28,1609,106.77,113.12,100.42,107.81,9564
2023-06-29,1610,56.62,58.23,55.01,57.23,9600
2023-06-30,1611,137.02,145.29,128.75,142.02,4807
2023-07-01,1612,68.45,74.45,62.45,69.65,745
2023-07-02,1613,143.77,146.48,141.06,144.35,2868
2023-07-03,1614,125.39,126.29,124.49,125.32,8625
2023-07-04,1615,76.16,80.5,71.82,73.37,4284
2023-07-05,1616,148.04,152.25,143.83,148.08,1071
2023-07-06,1617,117.73,119.04,116.42,118.54,9958
2023-07-07,1618,138.9,148.55,129.25,143.32,494
2023-07-08,1619,88.19,90.66,85.72,89.14,7880
2023-07-09,1620,85.59,95.39,75.79,86.29,5159
2023-07-10,1621,138.11,147.38,128.84,136.42,144
2023-07-11,1622,124.87,132.82,116.92,118.42,4831
2023-07-12,1623,142.86,144.79,140.93,142.27,2365
2023-07-13,1624,103.0,108.54,97.46,97.54,5826
2023-07-14,1625,77.74,84.4,71.08,76.69,4477
2023-07-15,1626,140.29,140.31,140.27,140.28,8702
2023-07-16,1627,87.31,96.79,77.83,82.27,7111
2023-07-17,1628,61.56,69.61,53.51,58.29,9421
2023-07-18,1629,148.52,150.32,146.72,148.59,1293
2023-07-19,1630,84.78,90.92,78.64,83.29,1168
2023-07-20,1631,70.18,72.96,67.4,68.17,9606
2023-07-21,1632,131.09,136.74,125.44,133.07,188
2023-07-22,1633,113.22,118.04,108.4,114.62,4275
2023-07-23,1634,107.48,111.29,103.67,105.22,6903
2023-07-24,1635,62.51,65.72,59.3,60.69,3257
2023-07-25,1636,71.08,73.95,68.21,69.2,8992
2023-07-26,1637,86.07,92.27,79.87,82.55,6672
2023-07-27,1638,51.66,53.79,49.53,50.79,9016
2023-07-28,1639,52.2,55.46,48.94,51.42,1206
2023-07-29,1640,78.83,84.37,73.29,83.22,4621
2023-07-30,1641,117.91,125.03,110.79,123.95,6447
2023-07-31,1642,58.39,62.18,54.6,57.77,2478
2023-08-01,1643,139.26,140.64,137.88,139.67,6880
2023-08-02,1644,140.29,145.72,134.86,141.39,9775
2023-08-03,1645,135.58,136.8,134.36,136.57,5381
2023-08-04,1646,54.32,57.16,51.48,52.35,2278
2023-08-05,1647,117.63,119.95,115.31,118.48,9185
2023-08-06,1648,67.69,69.83,65.55,65.73,7839
2023-08-07,1649,85.82,89.98,81.66,83.63,1123
2023-08-08,1650,87.66,96.69,78.63,81.97,814
2023-08-09,1651,84.79,89.66,79.92,84.74,4002
2023-08-10,1652,119.3,121.99,116.61,120.09,3994
2023-08-11,1653,64.59,72.23,56.95,62.56,5911
2023-08-12,1654,104.77,111.66,97.88,107.67,3160
2023-08-13,1655,141.32,148.44,134.2,144.83,9963
2023-08-14,1656,118.87,124.0,113.74,122.33,437
2023-08-15,1657,107.21,111.64,102.78,103.42,2004
2023-08-16,1658,94.19,99.41,88.97,96.71,9148
2023-08-17,1659,98.89,104.0,93.78,94.81,9787
2023-08-18,1660,58.72,61.47,55.97,59.87,4773
2023-08-19,1661,121.75,125.84,117.66,118.54,4780
2023-08-20,1662,148.89,151.89,145.89,147.42,2923
2023-08-21,1663,91.09,94.31,87.87,93.44,3960
2023-08-22,1664,67.92,69.59,66.25,66.58,934
2023-08-23,1665,88.66,92.74,84.58,90.03,3902
2023-08-24,1666,62.23,72.2,52.26,68.11,3563
2023-08-25,1667,149.12,151.87,146.37,151.87,6222
2023-08-26,1668,67.14,71.35,62.93,66.99,8746
2023-08-27,1669,105.86,106.84,104.88,105.38,8717
2023-08-28,1670,68.85,76.89,60.81,72.5,6321
2023-08-29,1671,145.15,151.76,138.54,141.42,4379
2023-08-30,1672,110.85,119.91,101.79,108.77,8664
2023-08-31,1673,82.45,90.85,74.05,85.4,3598
2023-09-01,1674,92.78,95.54,90.02,93.94,1461
2023-09-02,1675,142.25,150.71,133.79,136.9,8788
2023-09-03,1676,134.0,136.5,131.5,134.68,1183
2023-09-04,1677,136.73,137.92,135.54,136.19,8762
2023-09-05,1678,76.76,77.99,75.53,75.75,2335
2023-09-06,1679,56.71,63.08,50.34,52.18,2202
2023-09-07,1680,55.47,57.62,53.32,56.47,592
2023-09-08,1681,148.42,156.19,140.65,155.9,4031
2023-09-09,1682,71.43,80.69,62.17,65.62,9620
2023-09-10,1683,119.76,127.42,112.1,117.94,1316
2023-09-11,1684,94.25,96.31,92.19,94.0,9301
2023-09-12,1685,112.66,121.38,103.94,110.71,6991
2023-09-13,1686,104.69,110.79,98.59,108.56,2861
2023-09-14,1687,117.01,119.07,114.95,115.89,6803
2023-09-15,1688,126.18,135.21,117.15,118.15,7096
2023-09-16,1689,59.08,59.49,58.67,58.72,7196
2023-09-17,1690,126.16,134.19,118.13,123.85,7372
2023-09-18,1691,143.76,150.4,137.12,141.46,7290
2023-09-19,1692,56.12,56.77,55.47,56.04,3859
2023-09-20,1693,85.07,90.15,79.99,88.42,3125
2023-09-21,1694,105.39,106.47,104.31,105.35,3027
2023-09-22,1695,85.59,90.21,80.97,89.92,3451
2023-09-23,1696,124.51,133.13,115.89,124.35,2463
2023-09-24,1697,58.67,60.54,56.8,57.8,1801
2023-09-25,1698,101.32,104.51,98.13,101.96,4413
2023-09-26,1699,72.61,81.27,63.95,76.97,5664
2023-09-27,1700,122.03,127.21,116.85,125.32,3321
2023-09-28,1701,132.63,142.26,123.0,128.19,3791
2023-09-29,1702,137.11,140.01,134.21,139.44,4477
2023-09-30,1703,51.27,58.33,44.21,56.65,3103
2023-10-01,1704,109.26,110.93,107.59,110.32,6865
2023-10-02,1705,149.14,155.52,142.76,150.48,167
2023-10-03,1706,69.47,70.1,68.84,69.3,9209
2023-10-04,1707,63.04,65.48,60.6,64.92,9226
2023-10-05,1708,136.9,137.78,136.02,137.28,1354
2023-10-06,1709,132.28,134.46,130.1,130.28,2954
2023-10-07,1710,125.49,132.52,118.46,125.67,3347
2023-10-08,1711,61.47,69.68,53.26,54.71,9271
2023-10-09,1712,143.22,152.85,133.59,150.29,7365
2023-10-10,1713,143.32,149.29,137.35,143.71,1599
2023-10-11,1714,115.7,116.38,115.02,116.19,9270
2023-10-12,1715,52.17,57.99,46.35,49.24,7557
2023-10-13,1716,124.78,125.09,124.47,124.95,7267
2023-10-14,1717,91.55,98.76,84.34,86.74,4539
2023-10-15,1718,63.32,67.75,58.89,65.36,5467
2023-10-16,1719,93.81,94.55,93.07,93.97,9368
2023-10-17,1720,51.6,57.37,45.83,48.9,2778
2023-10-18,1721,116.77,123.6,109.94,115.83,1200
2023-10-19,1722,69.09,75.27,62.91,72.95,4325
2023-10-20,1723,102.02,104.64,99.4,103.72,8515
2023-10-21,1724,59.28,61.99,56.57,60.41,3219
2023-10-22,1725,118.4,127.16,109.64,126.73,9232
2023-10-23,1726,63.02,69.56,56.48,68.4,1714
2023-10-24,1727,149.28,155.55,143.01,151.07,2978
2023-10-25,1728,57.39,63.73,51.05,56.92,8502
2023-10-26,1729,85.34,93.63,77.05,86.8,2028
2023-10-27,1730,50.2,53.66,46.74,47.63,4050
2023-10-28,1731,136.91,137.08,136.74,137.03,5900
2023-10-29,1732,135.84,138.15,133.53,134.34,4266
2023-10-30,1733,62.1,64.79,59.41,63.99,7809
2023-10-31,1734,104.89,106.02,103.76,105.52,5195
2023-11-01,1735,140.69,142.38,139.0,141.01,3664
2023-11-02,1736,91.72,97.78,85.66,93.98,5993
2023-11-03,1737,90.62,97.92,83.32,92.47,682
2023-11-04,1738,87.93,97.7,78.16,95.12,2334
2023-11-05,1739,143.56,152.61,134.51,139.21,8531
2023-11-06,1740,149.34,158.15,140.53,142.24,1858
2023-11-07,1741,126.97,131.89,122.05,122.95,4972
2023-11-08,1742,147.45,153.85,141.05,143.37,327
2023-11-09,1743,103.89,109.38,98.4,103.43,558
2023-11-10,1744,101.61,102.46,100.76,102.25,2906
2023-11-11,1745,96.94,106.51,87.37,99.26,380
2023-11-12,1746,62.51,68.27,56.75,61.52,4305
2023-11-13,1747,135.0,143.82,126.18,141.09,9253
2023-11-14,1748,52.36,53.22,51.5,52.27,2721
2023-11-15,1749,75.78,78.88,72.68,78.78,3056
2023-11-16,1750,92.46,98.82,86.1,88.75,1627
2023-11-17,1751,125.96,132.29,119.63,126.24,5989
2023-11-18,1752,51.41,54.34,48.48,52.95,4934
2023-11-19,1753,115.72,120.59,110.85,112.71,732
2023-11-20,1754,120.39,128.6,112.18,126.34,7069
2023-11-21,1755,66.02,71.78,60.26,65.69,4611
2023-11-22,1756,112.15,114.27,110.03,112.52,5666
2023-11-23,1757,122.24,124.61,119.87,122.71,9062
2023-11-24,1758,88.97,94.38,83.56,83.97,2663
2023-11-25,1759,147.44,156.06,138.82,151.22,2026
2023-11-26,1760,54.95,58.27,51.63,53.27,3711
2023-11-27,1761,96.32,99.3,93.34,96.68,7334
2023-11-28,1762,68.41,76.18,60.64,67.15,664
2023-11-29,1763,95.06,96.95,93.17,95.65,4406
2023-11-30,1764,104.63,111.05,98.21,103.7,1484
2023-12-01,1765,103.99,104.75,103.23,103.36,6616
2023-12-02,1766,104.23,113.51,94.95,113.04,1170
2023-12-03,1767,117.94,125.21,110.67,114.94,1865
2023-12-04,1768,85.87,88.3,83.44,84.2,2053
2023-12-05,1769,90.04,98.59,81.49,93.1,5992
2023-12-06,1770,90.83,91.06,90.6,90.72,1982
2023-12-07,1771,136.43,142.6,130.26,141.9,4766
2023-12-08,1772,145.46,154.71,136.21,145.39,6656
2023-12-09,1773,120.79,125.25,116.33,123.03,5636
2023-12-10,1774,129.33,137.16,121.5,123.13,4583
2023-12-11,1775,139.52,146.52,132.52,138.42,9685
2023-12-12,1776,68.87,70.87,66.87,67.58,5765
2023-12-13,1777,85.96,88.92,83.0,86.89,3276
2023-12-14,1778,147.94,151.83,144.05,149.18,9896
2023-12-15,1779,141.02,147.2,134.84,144.1,6198
2023-12-16,1780,117.89,121.77,114.01,119.59,4605
2023-12-17,1781,149.81,150.6,149.02,149.15,6417
2023-12-18,1782,77.61,84.67,70.55,80.45,9760
2023-12-19,1783,94.28,97.73,90.83,92.01,6007
2023-12-20,1784,130.3,136.29,124.31,127.05,976
2023-12-21,1785,93.95,101.72,86.18,91.36,5262
2023-12-22,1786,50.89,57.86,43.92,49.5,1414
2023-12-23,1787,129.53,131.37,127.69,128.99,5433
2023-12-24,1788,128.2,132.97,123.43,124.95,4879
2023-12-25,1789,83.61,87.87,79.35,85.04,2325
2023-12-26,1790,133.9,138.83,128.97,137.96,2731
2023-12-27,1791,129.02,136.73,121.31,122.92,3701
2023-12-28,1792,129.39,134.98,123.8,128.75,721
2023-12-29,1793,131.31,139.58,123.04,126.77,4148
2023-12-30,1794,87.47,88.0,86.94,87.13,3978
2023-12-31,1795,115.19,123.85,106.53,115.18,6361
2024-01-01,1796,115.18,122.61,107.75,122.2,2961
2024-01-02,1797,98.93,102.92,94.94,95.18,6447
2024-01-03,1798,71.19,72.01,70.37,71.24,5714
2024-01-04,1799,124.31,124.34,124.28,124.33,9099
2024-01-05,1800,112.47,121.84,103.1,121.78,5752
2024-01-06,1801,114.81,120.39,109.23,118.57,5752
2024-01-07,1802,79.39,87.2,71.58,78.34,725
2024-01-08,1803,149.32,153.09,145.55,151.31,4584
2024-01-09,1804,93.9,103.46,84.34,85.97,6012
2024-01-10,1805,69.82,76.74,62.9,72.75,9533
2024-01-11,1806,80.58,80.83,80.33,80.35,731
2024-01-12,1807,97.37,102.84,91.9,102.62,7674
2024-01-13,1808,59.85,65.68,54.02,59.47,3617
2024-01-14,1809,117.28,123.49,111.07,123.39,5819
2024-01-15,1810,79.79,81.95,77.63,78.05,5573
2024-01-16,1811,125.73,128.91,122.55,122.83,3175
2024-01-17,1812,79.83,80.08,79.58,80.05,498
2024-01-18,1813,103.61,103.7,103.52,103.67,6222
2024-01-19,1814,92.24,96.6,87.88,92.46,7722
2024-01-20,1815,88.91,94.81,83.01,86.57,1925
2024-01-21,1816,84.54,89.91,79.17,86.35,4346
2024-01-22,1817,127.68,130.41,124.95,125.3,4277
2024-01-23,1818,142.37,144.5,140.24,143.76,6002
2024-01-24,1819,76.29,82.36,70.22,75.64,5927
2024-01-25,1820,50.68,58.87,42.49,50.28,6517
2024-01-26,1821,139.06,146.39,131.73,137.69,3770
2024-01-27,1822,55.13,61.14,49.12,51.01,901
2024-01-28,1823,135.14,141.75,128.53,137.46,5616
2024-01-29,1824,104.67,111.5,97.84,108.34,4333
2024-01-30,1825,123.57,131.89,115.25,124.01,6363
2024-01-31,1826,121.39,127.24,115.54,121.62,3532
2024-02-01,1827,80.45,86.35,74.55,78.87,3487
2024-02-02,1828,135.48,144.26,126.7,139.28,6056
2024-02-03,1829,122.65,129.47,115.83,121.17,9577
2024-02-04,1830,87.42,95.99,78.85,79.54,2739
2024-02-05,1831,62.13,69.23,55.03,65.26,331
2024-02-06,1832,82.38,91.98,72.78,77.79,339
2024-02-07,1833,59.3,63.11,55.49,55.9,2698
2024-02-08,1834,149.73,155.68,143.78,149.51,9272
2024-02-09,1835,122.12,130.74,113.5,118.66,8800
2024-02-10,1836,65.01,67.07,62.95,66.44,7790
2024-02-11,1837,134.12,134.92,133.32,133.85,6854
2024-02-12,1838,86.96,89.09,84.83,86.45,6654
2024-02-13,1839,80.54,85.62,75.46,82.37,4835
2024-02-14,1840,67.93,72.46,63.4,70.67,5984
2024-02-15,1841,136.05,140.01,132.09,137.14,1752
2024-02-16,1842,56.31,57.02,55.6,56.82,5064
2024-02-17,1843,87.84,97.06,78.62,90.73,6160
2024-02-18,1844,131.09,132.14,130.04,131.65,1821
2024-02-19,1845,83.26,86.45,80.07,82.7,505
2024-02-20,1846,130.6,131.97,129.23,130.07,6373
2024-02-21,1847,87.97,94.51,81.43,93.75,6977
2024-02-22,1848,78.86,81.12,76.6,79.35,6265
2024-02-23,1849,118.78,121.95,115.61,120.87,8563
2024-02-24,1850,136.93,145.23,128.63,140.32,5494
2024-02-25,1851,124.55,130.74,118.36,129.57,1582
2024-02-26,1852,134.11,137.24,130.98,133.7,7037
2024-02-27,1853,138.55,143.05,134.05,141.85,9283
2024-02-28,1854,148.96,158.02,139.9,145.02,5071
2024-02-29,1855,78.0,80.92,75.08,76.95,7472
2024-03-01,1856,99.56,105.4,93.72,99.54,4546
2024-03-02,1857,82.82,88.08,77.56,78.03,2620
2024-03-03,1858,91.99,96.73,87.25,90.92,9611
2024-03-04,1859,113.75,116.84,110.66,113.87,9664
2024-03-05,1860,104.17,107.33,101.01,106.49,2787
2024-03-06,1861,84.93,94.61,75.25,76.25,9763
2024-03-07,1862,97.01,103.61,90.41,97.55,8588
2024-03-08,1863,149.34,156.03,142.65,150.45,4618
2024-03-09,1864,64.79,73.4,56.18,56.25,7170
2024-03-10,1865,122.03,129.71,114.35,114.75,9172
2024-03-11,1866,137.23,143.98,130.48,141.68,4287
2024-03-12,1867,66.46,74.27,58.65,66.31,9033
2024-03-13,1868,69.51,76.08,62.94,74.04,6092
2024-03-14,1869,78.62,80.89,76.35,78.45,3617
2024-03-15,1870,123.65,127.93,119.37,123.39,4161
2024-03-16,1871,122.93,132.83,113.03,126.28,3965
2024-03-17,1872,123.23,129.32,117.14,126.49,913
2024-03-18,1873,106.66,107.58,105.74,106.79,184
2024-03-19,1874,63.72,65.73,61.71,65.3,5543
2024-03-20,1875,82.89,90.53,75.25,78.71,6329
2024-03-21,1876,122.24,127.41,117.07,120.81,6914
2024-03-22,1877,133.25,137.81,128.69,131.12,109
2024-03-23,1878,138.63,142.03,135.23,139.82,8458
2024-03-24,1879,66.27,66.36,66.18,66.18,1501
2024-03-25,1880,76.43,86.04,66.82,85.98,9950
2024-03-26,1881,120.27,128.87,111.67,120.05,5649
2024-03-27,1882,114.4,117.94,110.86,111.68,5562
2024-03-28,1883,100.01,105.46,94.56,102.38,6047
2024-03-29,1884,106.49,112.76,100.22,105.53,6087
2024-03-30,1885,65.88,68.26,63.5,67.33,6325
2024-03-31,1886,128.61,129.63,127.59,129.14,9527
2024-04-01,1887,85.59,86.24,84.94,85.68,6277
2024-04-02,1888,53.67,59.99,47.35,55.08,5319
2024-04-03,1889,90.59,96.37,84.81,95.62,8023
2024-04-04,1890,112.83,115.11,110.55,113.59,2531
2024-04-05,1891,120.61,124.58,116.64,119.73,4247
2024-04-06,1892,89.11,98.54,79.68,90.6,8904
2024-04-07,1893,117.6,122.03,113.17,115.02,7059
2024-04-08,1894,74.7,75.82,73.58,74.75,6016
2024-04-09,1895,128.35,129.45,127.25,127.44,6501
2024-04-10,1896,96.35,97.67,95.03,96.5,1598
2024-04-11,1897,79.68,88.48,70.88,75.35,9775
2024-04-12,1898,64.5,72.1,56.9,70.07,8352
2024-04-13,1899,116.86,120.56,113.16,120.46,6584
2024-04-14,1900,114.28,116.81,111.75,115.62,1687
2024-04-15,1901,107.06,109.07,105.05,105.76,5503
2024-04-16,1902,74.7,82.87,66.53,67.16,9323
2024-04-17,1903,119.59,128.13,111.05,119.2,1135
2024-04-18,1904,105.85,112.75,98.95,105.42,4740
2024-04-19,1905,53.77,56.12,51.42,52.6,5893
2024-04-20,1906,131.64,139.85,123.43,138.79,6612
2024-04-21,1907,55.58,57.34,53.82,56.62,9280
2024-04-22,1908,52.72,57.69,47.75,57.53,1588
2024-04-23,1909,50.73,58.48,42.98,51.17,2262
2024-04-24,1910,146.89,155.37,138.41,150.85,9139
2024-04-25,1911,77.43,79.76,75.1,79.14,5773
2024-04-26,1912,83.18,89.95,76.41,85.88,7115
2024-04-27,1913,80.51,83.57,77.45,78.0,5420
2024-04-28,1914,124.29,131.89,116.69,131.85,3000
2024-04-29,1915,87.06,96.78,77.34,83.0,3328
2024-04-30,1916,75.27,77.42,73.12,74.07,8876
2024-05-01,1917,107.82,117.24,98.4,106.45,1821
2024-05-02,1918,56.53,65.63,47.43,56.7,9673
2024-05-03,1919,111.64,121.06,102.22,105.7,8376
2024-05-04,1920,114.39,124.15,104.63,117.33,4073
2024-05-05,1921,144.38,148.21,140.55,145.46,3354
2024-05-06,1922,59.54,63.81,55.27,57.94,525
2024-05-07,1923,107.19,117.03,97.35,100.05,1572
2024-05-08,1924,108.02,117.16,98.88,107.29,6496
2024-05-09,1925,98.28,106.21,90.35,92.75,7409
2024-05-10,1926,108.28,112.79,103.77,111.82,1103
2024-05-11,1927,68.14,68.59,67.69,68.36,8843
2024-05-12,1928,50.15,55.53,44.77,46.24,8523
2024-05-13,1929,59.72,64.62,54.82,58.32,4912
2024-05-14,1930,66.53,69.73,63.33,68.82,6797
2024-05-15,1931,99.32,101.97,96.67,99.05,4353
2024-05-16,1932,83.01,92.58,73.44,88.18,4424
2024-05-17,1933,116.25,121.27,111.23,112.67,5398
2024-05-18,1934,59.84,65.69,53.99,58.94,4570
2024-05-19,1935,99.61,101.58,97.64,99.24,1445
2024-05-20,1936,120.22,123.83,116.61,117.03,2236
2024-05-21,1937,80.24,84.74,75.74,84.1,7166
2024-05-22,1938,79.85,85.48,74.22,81.56,3135
2024-05-23,1939,121.99,130.31,113.67,114.88,8413
2024-05-24,1940,112.9,120.92,104.88,114.68,1667
2024-05-25,1941,85.99,91.72,80.26,83.37,3110
2024-05-26,1942,53.15,54.88,51.42,52.64,1931
2024-05-27,1943,100.3,108.05,92.55,103.07,2931
2024-05-28,1944,75.56,76.38,74.74,74.76,3284
2024-05-29,1945,109.89,112.43,107.35,108.36,9082
2024-05-30,1946,76.99,86.97,67.01,86.69,4352
2024-05-31,1947,117.12,119.07,115.17,118.94,7562
2024-06-01,1948,138.07,144.92,131.22,143.42,6533
2024-06-02,1949,113.22,122.92,103.52,114.08,6481
2024-06-03,1950,149.24,157.12,141.36,145.28,3490
2024-06-04,1951,110.13,118.8,101.46,107.79,9612
2024-06-05,1952,109.69,115.96,103.42,115.6,4492
2024-06-06,1953,58.52,67.95,49.09,51.04,2831
2024-06-07,1954,50.06,50.56,49.56,49.87,4055
2024-06-08,1955,115.16,116.46,113.86,114.14,3892
2024-06-09,1956,129.0,135.73,122.27,134.41,6014
2024-06-10,1957,83.02,89.67,76.37,87.65,4943
2024-06-11,1958,85.96,86.74,85.18,85.38,4456
2024-06-12,1959,103.69,104.85,102.53,103.37,7708
2024-06-13,1960,89.22,96.04,82.4,86.99,5619
2024-06-14,1961,125.99,134.98,117.0,127.6,7683
2024-06-15,1962,95.06,104.15,85.97,97.93,4152
2024-06-16,1963,55.11,58.87,51.35,52.71,4804
2024-06-17,1964,85.38,93.76,77.0,88.07,6453
2024-06-18,1965,113.89,114.53,113.25,114.2,3560
2024-06-19,1966,122.81,130.39,115.23,129.8,3244
2024-06-20,1967,126.55,132.1,121.0,131.93,9459
2024-06-21,1968,147.42,152.9,141.94,151.03,5493
2024-06-22,1969,92.52,100.14,84.9,90.0,1538
2024-06-23,1970,131.04,132.24,129.84,129.99,3693
2024-06-24,1971,52.62,58.31,46.93,51.33,7088
2024-06-25,1972,55.98,60.25,51.71,56.15,998
2024-06-26,1973,81.09,85.76,76.42,85.48,145
2024-06-27,1974,97.82,107.63,88.01,104.75,3277
2024-06-28,1975,70.71,75.22,66.2,71.29,419
2024-06-29,1976,149.48,156.48,142.48,145.6,6100
2024-06-30,1977,89.86,98.02,81.7,83.23,8223
2024-07-01,1978,93.24,103.02,83.46,101.5,6795
2024-07-02,1979,135.26,135.9,134.62,135.55,5721
2024-07-03,1980,138.86,146.3,131.42,137.52,7397
2024-07-04,1981,111.18,112.91,109.45,111.75,910
2024-07-05,1982,56.16,56.42,55.9,56.23,3452
2024-07-06,1983,128.23,132.93,123.53,130.38,5142
2024-07-07,1984,68.57,78.0,59.14,62.66,4884
2024-07-08,1985,96.12,103.1,89.14,98.87,1514
2024-07-09,1986,139.36,144.22,134.5,141.15,8023
2024-07-10,1987,101.01,101.42,100.6,100.7,7805
2024-07-11,1988,100.26,102.22,98.3,102.22,4592
2024-07-12,1989,92.34,93.96,90.72,93.18,9654
2024-07-13,1990,67.11,73.61,60.61,69.82,6093
2024-07-14,1991,83.33,89.57,77.09,83.11,9978
2024-07-15,1992,71.21,71.48,70.94,71.32,1665
2024-07-16,1993,133.59,136.5,130.68,131.87,6974
2024-07-17,1994,73.11,75.9,70.32,70.94,4548
2024-07-18,1995,82.12,85.9,78.34,83.5,6033
2024-07-19,1996,129.22,130.86,127.58,130.43,8339
2024-07-20,1997,99.76,99.92,99.6,99.79,8992
2024-07-21,1998,75.81,81.97,69.65,74.98,678
2024-07-22,1999,118.51,119.82,117.2,119.18,9533
2024-07-23,2000,129.72,132.06,127.38,131.99,3382
2024-07-24,2001,126.45,136.11,116.79,118.43,1949
2024-07-25,2002,106.68,111.8,101.56,110.03,3237
2024-07-26,2003,100.7,110.29,91.11,104.02,5084
2024-07-27,2004,76.27,83.54,69.0,73.69,3917
2024-07-28,2005,106.89,110.27,103.51,104.31,5705
2024-07-29,2006,53.57,60.4,46.74,58.38,325
2024-07-30,2007,117.77,124.92,110.62,115.99,5975
2024-07-31,2008,129.58,138.37,120.79,127.51,4943
2024-08-01,2009,59.7,67.58,51.82,51.88,4110
2024-08-02,2010,59.6,65.49,53.71,54.34,4263
2024-08-03,2011,145.53,149.67,141.39,148.62,4663
2024-08-04,2012,127.64,130.25,125.03,125.33,729
2024-08-05,2013,82.61,91.54,73.68,73.7,6073
2024-08-06,2014,86.09,94.89,77.29,81.36,3840
2024-08-07,2015,100.63,102.7,98.56,100.8,8913
2024-08-08,2016,64.66,72.25,57.07,61.99,1858
2024-08-09,2017,64.49,67.87,61.11,65.17,2529
2024-08-10,2018,112.9,114.44,111.36,112.84,1063
2024-08-11,2019,110.81,116.85,104.77,107.3,1990
2024-08-12,2020,94.66,101.26,88.06,96.23,6019
2024-08-13,2021,93.89,102.32,85.46,91.23,1344
2024-08-14,2022,144.15,152.46,135.84,141.0,2248
2024-08-15,2023,145.29,150.79,139.79,147.25,4576
2024-08-16,2024,87.45,94.34,80.56,93.62,3950
2024-08-17,2025,142.61,149.58,135.64,146.61,8967
2024-08-18,2026,113.5,115.61,111.39,113.32,1577
2024-08-19,2027,92.37,93.14,91.6,92.68,6799
2024-08-20,2028,135.86,136.69,135.03,135.92,9269
2024-08-21,2029,107.74,114.36,101.12,103.02,7955
2024-08-22,2030,102.96,112.82,93.1,104.51,2716
2024-08-23,2031,117.8,119.68,115.92,117.59,4641
2024-08-24,2032,113.93,116.39,111.47,112.14,4187
2024-08-25,2033,55.1,59.25,50.95,54.78,5286
2024-08-26,2034,107.98,110.38,105.58,108.54,4892
2024-08-27,2035,129.69,134.22,125.16,125.25,6018
2024-08-28,2036,134.35,143.12,125.58,132.29,3456
2024-08-29,2037,137.83,144.03,131.63,133.09,7468
2024-08-30,2038,78.47,83.29,73.65,80.79,3673
2024-08-31,2039,126.73,135.89,117.57,124.17,1882
2024-09-01,2040,59.25,68.36,50.14,67.59,5567
2024-09-02,2041,58.86,59.66,58.06,58.23,2874
2024-09-03,2042,148.41,149.23,147.59,148.61,7787
2024-09-04,2043,79.23,87.2,71.26,86.93,312
2024-09-05,2044,76.48,84.94,68.02,83.38,2280
2024-09-06,2045,52.1,57.35,46.85,52.34,7789
2024-09-07,2046,130.53,133.34,127.72,131.58,6025
2024-09-08,2047,66.58,67.06,66.1,66.36,1516
2024-09-09,2048,131.61,134.19,129.03,130.76,8428
2024-09-10,2049,114.45,120.15,108.75,114.2,8744
2024-09-11,2050,146.9,150.51,143.29,147.55,6036
2024-09-12,2051,108.8,113.83,103.77,109.86,2764
2024-09-13,2052,91.2,93.65,88.75,92.56,3581
2024-09-14,2053,67.51,71.31,63.71,69.75,674
2024-09-15,2054,144.56,146.92,142.2,142.24,7146
